authors,publication_count
Crooks V.A.,50
Snyder J.,49
Johnston R.,32
Lunt N.,23
Turner L.,19
Ormond M.,18
Horsfall D.,17
Hanefeld J.,16
Whittaker A.,14
Adams K.,12
Connell J.,12
Medhekar A.,12
Smith R.,12
DeMicco F.J.,11
Smith M.,10
Whitmore R.,10
Cohen I.G.,9
Gan L.L.,8
Kingsbury P.,8
Frederick J.R.,7
Hall C.M.,7
Han H.,7
Jantunen E.,7
Labonté R.,7
Lee J.,7
Lee T.J.,7
Mainil T.,7
Musa G.,7
Mäntymaa P.,7
Puczkó L.,7
Wong H.Y.,7
Beena K.S.,6
Casey V.,6
Chee H.L.,6
Garman A.N.,6
Johnson T.J.,6
Konu H.,6
Levaggi R.,6
Moghavvemi S.,6
Patnaik B.,6
Shukla R.,6
Varmavuo V.,6
Zailani S.,6
Ajmera P.,5
Baeten R.,5
Cooper M.,5
Debata B.R.,5
Dryglas D.,5
Guiry M.,5
Kim S.,5
Mahapatra S.S.,5
Mannion R.,5
Nakayama M.,5
Needham D.M.,5
Nousiainen T.,5
Pyörälä M.,5
Ractham P.,5
Rokni L.,5
Ruggeri K.,5
Valtola J.,5
Venkatrama Raju D.,5
Birch D.W.,4
Chanda R.,4
Chelliah S.,4
Chen C.,4
Dharamsi S.,4
Gazitt Y.,4
Glinos I.A.,4
Gupta M.,4
Hall J.,4
Heung V.C.S.,4
Hieda M.,4
Horowitz M.D.,4
Hyun S.S.,4
Jun J.,4
Karmali S.,4
Khan M.J.,4
Kirkner R.M.,4
Kucukusta D.,4
Kuittinen T.,4
Lavezza A.,4
Lubowiecki-Vikuk A.,4
Moreira P.,4
Partanen A.,4
Pelkonen J.,4
Pennings G.,4
Reddy S.,4
Reisman D.,4
Ropponen A.,4
Runnels V.,4
Singh M.,4
Smith M.K.,4
Sobo E.J.,4
Soni V.,4
Spielberg P.,4
Voigt C.,4
Adabi K.,3
Ahmad N.,3
Ahn J.,3
Awang K.W.,3
Bezruchka S.,3
Bristow R.S.,3
Carrera P.M.,3
Cassens M.,3
Cerón A.,3
Chang F.-H.,3
Chantrapornchai C.,3
Chen K.-H.,3
Choksuchat C.,3
Crooks V.,3
Esposito D.H.,3
Gaines J.,3
Garfein E.S.,3
Garg R.,3
Goodrich J.N.,3
Gourdin E.,3
Haron M.S.,3
Hoyer E.H.,3
Hsu P.-F.,3
Huang L.,3
Hudson S.,3
Iranmanesh M.,3
Jones C.A.,3
Kangas B.,3
Kapilevich L.V.,3
Karuppan C.M.,3
Kelly C.,3
Kim H.J.,3
Kim M.-S.,3
Kmietowicz Z.,3
Komppula R.,3
Leng C.H.,3
Liu Q.,3
Menvielle L.,3
Meulemans H.,3
Mukherjee S.,3
Mupara L.M.,3
Muth S.,3
Nelson B.,3
Noree T.,3
Omar A.,3
Palm W.,3
Park S.-H.,3
Pesonen J.,3
Por H.H.,3
Putit L.,3
Rahman M.K.,3
Rawat N.,3
Reiter A.,3
Rosensweig J.A.,3
Saria S.,3
Sarwar A.,3
Shaughnessy P.,3
Sheppard C.E.,3
Shrock C.,3
Silvennoinen R.,3
Smith R.D.,3
Suki A.A.,3
Suzana M.,3
Sziva I.,3
Tepper O.M.,3
Tsoka-Gwegweni J.M.,3
Tuohino A.,3
Vequist D.G.,3
Wright K.B.,3
Xu H.,3
Abd Manaf N.H.,2
Afthanorhan A.,2
Aggarwal A.,2
Ahire M.,2
Ahmed S.,2
Alavi R.,2
Ali M.M.,2
Ali S.M.,2
Anish M.N.,2
Anita Barry M.,2
Arbona C.,2
Ariffin A.A.M.,2
Arnold P.C.,2
Ashkenazi J.,2
Avci T.,2
Awang Z.,2
Azmi K.M.,2
Back K.-J.,2
Baiev V.V.,2
Bakhov I.S.,2
Balia S.,2
Baloglu S.,2
Bartold P.M.,2
Beaudoin A.L.,2
Beladi H.,2
Ben-Rafael Z.,2
Ben-Sefer E.,2
Berdnikova O.A.,2
Bicker M.,2
Blythe D.,2
Bochaton A.,2
Boga T.C.,2
Boguszewicz-Kreft M.,2
Brau R.,2
Brekke K.R.,2
Brown G.,2
Brunette G.W.,2
Burns L.R.,2
Burns R.,2
Cameron K.,2
Camilatto I.,2
Carabello L.,2
Carrera P.,2
Cham T.H.,2
Chan K.S.,2
Chang S.,2
Chao C.-C.,2
Chavada R.,2
Chen L.H.,2
Chen Y.,2
Cheng Y.,2
Chikanda A.,2
Choi H.-Y.,2
Chou J.C.-L.,2
Chouinard V.,2
Chung K.C.,2
Cohen E.,2
Cohen G.,2
Contandriopoulos A.P.,2
Cook P.S.,2
Cormany D.,2
Cortés-Funes H.,2
Crush J.,2
Dahari Z.,2
Dang H.-S.,2
Das J.K.,2
Davison S.P.,2
De Gara C.J.,2
Delaney M.J.,2
Delil S.,2
Dhanish P.B.,2
Dionne G.,2
Dotson M.J.,2
Dunets A.N.,2
Ebrahim A.H.,2
Edmonds A.,2
Ee M.S.,2
Espuny H.G.,2
Exter A.D.,2
Exworthy M.,2
Feldman K.A.,2
Fernandes P.O.,2
Fernando Y.,2
Finch S.,2
Ford C.D.,2
Forgione D.A.,2
Frikha M.,2
Frischhut M.,2
Ganguli S.,2
Garcia-Garzon E.,2
Gargouri F.,2
George B.P.,2
Ghotbi N.,2
Gilmartin M.,2
Glinos I.,2
Glover M.,2
Green S.T.,2
Grewal I.,2
Guy B.S.,2
Gönen I.,2
Ha I.-H.,2
Habibi A.,2
Hale W.A.,2
Hall J.E.,2
Haq F.,2
Harrison C.,2
Helmy E.M.,2
Hemingway A.,2
Henthorne T.L.,2
Herlihy E.,2
Hiser S.,2
Hjalager A.-M.,2
Ho P.-L.,2
Hohmann S.F.,2
Hollas D.,2
Hornedo J.,2
Howat G.,2
Hui S.H.,2
Hui T.-K.,2
Hung Y.-H.,2
Hussin H.,2
Hyder A.S.,2
Idrus S.,2
Ilkevich S.V.,2
Jain V.,2
Jansi Rani S.,2
Jedeejit P.,2
Jensen B.J.,2
Jiang N.,2
Jin K.N.,2
John S.P.,2
Kamassi A.,2
Karuppan M.,2
Karvunis Yu.A.,2
Kaspar H.,2
Khan N.R.M.,2
Khan S.,2
Khasanova A.M.,2
Khodasevich L.S.,2
Kim D.H.,2
Kim E.,2
Kim H.,2
Kim H.-B.,2
Kim H.-K.,2
Kim J.H.,2
Kim M.,2
Kim M.-R.,2
Kim S.-M.,2
Kim W.,2
Kishore J.,2
Kiss K.,2
Klein L.M.,2
Ko T.G.,2
Kudakwashe C.,2
Kumar S.,2
Kušen E.,2
Kwak Y.-S.,2
Laing J.,2
Lan K.-Y.,2
Larke R.,2
Lee F.,2
Lee W.,2
Lee Y.-C.,2
Lee Y.J.,2
Legido-Quigley H.,2
Lester E.L.W.,2
Lewis D.,2
Lijewski V.,2
Lluberas G.,2
Lo W.-U.,2
Loh C.-P.A.,2
Loncaric D.,2
Lovelock B.,2
Lovelock K.,2
Lu C.,2
Lu H.-Y.,2
Ma J.,2
Maarse H.,2
Majeed S.,2
Makinde O.A.,2
Maleki F.,2
Malyshev A.A.,2
Mamimine P.W.,2
Mantheiy E.,2
Marrocu E.,2
Martin D.S.,2
Martin W.S.,2
Martínez Álvarez M.,2
Mashamba-Thompson T.P.,2
Mason A.,2
Mason M.,2
Mathijsen A.,2
McElroy N.P.,2
McGaghie W.C.,2
McKercher B.,2
Meghani Z.,2
Menezes I.G.,2
Meng N.K.,2
Mensdorf B.,2
Michalkó G.,2
Milicevic S.,2
Ming L.C.,2
Mishakin T.S.,2
Mogaka J.J.O.,2
Mohd Aznan N.F.,2
Mohd Pauzi N.,2
Mohezar S.,2
Morgan J.,2
Morgan O.W.,2
Moulton-Meissner H.A.,2
Mullins J.,2
Mun W.K.,2
Musa R.,2
Muñoz-Leiva F.,2
Nante N.,2
Nayak J.K.,2
Nelson R.,2
Nguyen D.B.,2
Nguyen T.-M.-T.,2
Nunes J.,2
Nyangoma E.N.,2
Odmell C.,2
Offermanns G.,2
Oh K.M.,2
Orvieto R.,2
Outten C.,2
Pan X.,2
Park J.,2
Park S.H.,2
Parker A.M.,2
Penttilä K.,2
Perz J.F.,2
Petersen F.B.,2
Platenkamp V.,2
Poorani A.,2
Posivak-Khouly L.,2
Poy J.A.,2
Praveenkumar K.,2
Putit N.,2
Putkonen M.,2
Qadeer I.,2
Ramamonjiarivelo Z.,2
Razumovskaya E.M.,2
Reed C.M.,2
Revathi J.,2
Ridderstaat J.,2
Ridpath A.,2
Romanov S.M.,2
Rydback M.,2
Salamaga M.,2
Sankelo M.,2
Savaşan A.,2
Saxena S.K.,2
Schlosser M.,2
Schnabel D.,2
Seltzer J.,2
Sharma P.,2
Sharma S.,2
Sheppard M.K.,2
Shin J.-S.,2
Siciliani L.,2
Siitonen T.,2
Singh N.,2
Skountridaki L.,2
Smith K.,2
Smith P.C.,2
Soh Y.C.,2
Sokol T.,2
Solomon H.,2
Song H.,2
Sotir M.,2
Speier A.R.,2
Sree K.,2
Sreekumar,2
Sridharan R.,2
Stern C.S.,2
Straume O.R.,2
Sullivan R.,2
Szromek A.R.,2
Szymańska E.,2
Säily M.,2
Tang C.F.,2
Tervo-Kankare K.,2
Tessier G.,2
Tham A.,2
Thirumoorthi T.,2
Tianhuei E.S.,2
Toney N.C.,2
Toral R.,2
Tsai C.-W.,2
Tuncel E.,2
Turner L.G.,2
Um K.-H.,2
Vafadari K.,2
Vasala K.,2
Vaughan P.,2
Vinayagamoorthi G.,2
Walls H.,2
Wang C.-N.,2
Wang Y.,2
Weichman K.E.,2
Weiermair K.,2
Weisz G.,2
Wilson M.E.,2
Witts L.J.,2
Wocher J.C.,2
Wongkit M.,2
Wu W.-Y.,2
YODICE A.,2
Yacisin K.,2
Yalvaç M.,2
Yang W.-T.,2
Yee S.M.,2
Young D.L.,2
Yu J.,2
Yusof J.M.,2
Zarei A.,2
de Lira Á.M.,2
de Oliveira Costa Neto P.L.,2
de la Hoz-Correa A.,2
Abbas G.,1
Abbruzzese L.,1
Abd Mutalib N.S.,1
Abd-Razak I.-S.,1
Abdoli A.,1
Abdul Fatah I.A.,1
Abdul Hamid H.,1
Abdul Hamid S.M.,1
Abdul Manaf N.H.,1
Abdul-Talib A.-N.,1
Abdullah A.R.,1
Abdullah Z.,1
Abidin S.N.,1
Abolhassani N.,1
Abouhashem Abadi F.,1
Abramović A.,1
Abu-Bakar N.T.,1
Abubakar A.M.,1
Abuhashesh M.,1
Adams K.M.,1
Adashi E.Y.,1
Addari P.,1
Adewole O.A.,1
Adler A.,1
Afshar Y.,1
Agbabiaka H.I.,1
Agraniotis M.,1
Aguirre Santano R.,1
Ahamed M.U.,1
Ahmad H.,1
Ahmad R.,1
Ahmadi H.,1
Ahmed M.,1
Ahn Y.-J.,1
Ahwireng-Obeng F.,1
Aich A.,1
Aik N.C.,1
Aiwerioghene E.M.,1
Ajit Prabhu V.,1
Akay C.,1
Akbari S.K.A.,1
Akca H.,1
Akhtar N.,1
Akimov O.S.,1
Aksu P.K.,1
Al Khaja K.A.J.,1
Al-Busaidi A.S.,1
Al-Busaidi I.H.,1
Al-Hajeili M.,1
Al-Hinai S.S.,1
Al-Lamki L.,1
Al-Shamsi H.O.,1
Al-Talabani H.,1
Alam M.S.,1
Alavi A.,1
Alavifar S.A.,1
Albert N.M.,1
Alberti F.G.,1
Alberti K.G.M.M.,1
Albus J.,1
Aleshko R.A.,1
Alghizzawi M.,1
Ali H.,1
Alikhani K.,1
Aljumah A.,1
Alleman B.W.,1
Allen M.,1
Almaawiy U.,1
Almasan R.E.,1
Almeida J.,1
Almukadi W.,1
Alpert J.S.,1
Alrawi S.,1
Alsharif M.J.,1
Aluculesei A.-C.,1
Alvelos H.,1
Amani N.,1
Amdal T.,1
Amin M.,1
Amin S.,1
Amphansookko S.,1
An D.,1
An M.,1
Anadol Y.,1
Anaissie E.,1
Anand S.,1
Andaleeb S.S.,1
Andasbayev Y.S.,1
Anderson F.W.J.,1
Anderson J.,1
Anderson R.J.,1
Andrei C.L.,1
Andreou K.,1
Andresen S.,1
Andrews K.,1
Andrews K.L.,1
Andritsos D.A.,1
Andrzejewski C.,1
Angermann R.,1
Anghel A.,1
Anne Jenner E.,1
Ansari A.,1
Anuragi R.P.,1
Aoki K.,1
Apró É.,1
Arab A.,1
Arai C.,1
Arboleda N.,1
Arcodia C.,1
Ariffin Z.Z.,1
Ariwa E.,1
Aronyk S.,1
Arulmozhi S.J.,1
Arya S.,1
Asadi H.,1
Asadi R.,1
Ashktorab S.,1
Asi Y.,1
Aslam R.,1
Asri M.A.M.,1
Astori G.,1
Athanasakis K.,1
Atılan O.,1
Aubert A.,1
Avanzi A.,1
Awaisu M.,1
Awang Z.B.,1
Awano N.,1
Ayci A.,1
Aydin G.,1
Ayob M.,1
Ayoobian A.,1
Ayoubian A.,1
Azcona Martínez M.A.,1
Azimi R.,1
Aziz A.,1
Aziz N.A.,1
Aziz Y.A.,1
Azmal M.,1
Azmi N.A.,1
Azzopardi-Muscat N.,1
BUGYI B.,1
Baczynska A.M.,1
Badros A.,1
Badulescu A.,1
Badulescu D.,1
Bagga T.,1
Bagheri A.,1
Bahmani P.,1
Bahrami E.S.,1
Bahsoun M.,1
Baimyrzayev K.M.,1
Bain D.J.,1
Bakucz M.,1
Baldwin K.M.,1
Balik C.,1
Balázs O.,1
Ban H.-J.,1
Bancroft J.G.,1
Bandyopadhyay A.,1
Banerjee S.,1
Bansal R.,1
Bao Y.,1
Bar J.,1
Barazandeh H.,1
Barber D.S.,1
Barbosa H.,1
Barclay E.,1
Barker A.P.,1
Barker T.,1
Barlogie B.,1
Baron P.,1
Baron-Faust R.,1
Barr R.N.,1
Barros P.P.,1
Barth I.,1
Barzoki A.S.,1
Bassett R.,1
Batalova L.V.,1
Batouei A.,1
Battacharya S.,1
Baudel J.-L.,1
Bauer J.C.,1
Baumgartner D.,1
Bayer L.R.,1
Bayev V.,1
Baylis F.,1
Beauchemin F.,1
Beaven D.W.,1
Behrendt T.,1
Beise-Zee R.,1
Bekbulatova A.,1
Bello A.,1
Bellomo R.,1
Bemis-Dougherty A.,1
Ben Zvi M.,1
Ben-Natan M.,1
Bena J.F.,1
Benboubker L.,1
Bender J.G.,1
Benenson S.,1
Benjamin J.,1
Benjaminy S.,1
Bennett I.,1
Benowitz I.,1
Berezhnov E.S.,1
Berger A.,1
Bergin C.,1
Berki G.,1
Bermudez G.M.T.,1
Berney S.,1
Berry N.S.,1
Berryman P.,1
Bertrand F.,1
Bey T.,1
Bhanushali U.,1
Bhardwaj V.,1
Bhatt N.,1
Bhattacharjee S.,1
Bhattacharya P.K.,1
Bhattacharya S.,1
Bhesania N.,1
Bianchi L.,1
Bidhendi S.,1
Bierbauer K.,1
Bierkus M.,1
Bies W.,1
Biggart R.,1
Bikse V.,1
Bile V.,1
Bilić E.,1
Bin Mustapha M.Z.,1
Binder D.,1
Binet C.,1
Bishai D.,1
Bishop L.,1
Bishop R.A.,1
Bissekov A.,1
Biswas S.,1
Bittar O.,1
Bittner E.A.,1
Blake R.C.,1
Blanchet K.,1
Blevins G.,1
Bloemberg G.V.,1
Blondell S.J.,1
Boas G.,1
Boaventura R.,1
Bobrovnitskii I.P.,1
Bodner P.,1
Boeger Z.,1
Bogard J.,1
Bohari A.M.,1
Bohórquez-Hernández M.J.,1
Boitrou E.,1
Bolton S.,1
Bolwell B.J.,1
Bonawitz S.C.,1
Bonilla-Cruz N.-J.,1
Boo C.,1
Bookman K.R.,1
Bookman M.Z.,1
Bordean I.,1
Boretska N.,1
Borg E.,1
Borg E.A.,1
Borkowski P.,1
Borlongan C.V.,1
Borman E.,1
Borovac J.A.,1
Borthne K.,1
Bostelman R.,1
Botterill D.,1
Boucher D.,1
Boukovalas S.,1
Bouloumie J.,1
Boultbee E.,1
Boutros S.,1
Bouzaabia O.,1
Bouzaabia R.,1
Bouzas L.F.,1
Bovier P.A.,1
Bowman D.,1
Bowsher G.,1
Bozdag C.E.,1
Brackenridge R.G.,1
Brage E.,1
Brambilla A.,1
Brandao A.,1
Brandt C.,1
Brankevich I.,1
Brannon L.A.,1
Brault A.,1
Braun Von A.,1
Breuing R.,1
Bridges J.F.P.,1
Brindha G.,1
Bristeir J.,1
Broadhead S.,1
Brochado A.,1
Brody J.D.,1
Brody-Camp S.A.,1
Brooks S.E.,1
Brophy J.,1
Brotman B.A.,1
Broustet J.P.,1
Brown B.,1
Brown D.,1
Brown N.,1
Brown R.,1
Brown S.,1
Brown S.B.,1
Brown T.,1
Brozicevic I.,1
Brozicević I.,1
Bruce D.M.,1
Brun N.,1
Bruno P.,1
Brust J.C.M.,1
Bueno C.,1
Bueno C.C.,1
Bugheanu A.-M.,1
Bulai M.,1
Bulu S.B.,1
Burkett L.,1
Burki T.K.,1
Bush K.,1
Bushell R.,1
Busser J.A.,1
Bussmann S.,1
Bustamante A.V.,1
Butenko H.,1
Butler R.W.,1
Butterfield S.L.,1
Buzinde C.N.,1
Byambaa T.,1
Béland D.,1
Böttger E.C.,1
Băltăreţu A.,1
CAVANAGH G.S.,1
Cabrer M.,1
Cai S.S.,1
Callera F.,1
Calnan M.,1
Caloin N.,1
Calovski V.,1
Camargo-Plazas P.,1
Canestrino R.,1
Cantillo C.E.,1
Cao Z.,1
Caplan A.L.,1
Capolongo S.,1
Carion A.,1
Carić H.,1
Carlson P.,1
Carmeli Y.,1
Carneiro M.J.,1
Carothers B.,1
Carreon J.R.,1
Carter K.D.,1
Cartwright E.,1
Carvajal M.F.A.,1
Casken J.,1
Castberg Hellund J.,1
Castelberg C.,1
Castellano M.I.,1
Castro C.,1
Casucci P.,1
Cavallone M.,1
Cavazza M.,1
Cavenaghi L.,1
Cecilia Q.,1
Celik R.N.,1
Cengiz E.,1
Ceron A.,1
Cesaní V.,1
Cesario S.K.,1
Chahal R.,1
Chakrabarti S.,1
Chakraborty P.,1
Chakraborty S.,1
Cham T.-H.,1
Chambers D.,1
Chan G.,1
Chan H.L.E.,1
Chan K.J.,1
Chan L.M.,1
Chan S.G.,1
Chan W.-H.,1
Chandra G.,1
Chandra S.,1
Chandran S.D.,1
Chandrasekar K.S.,1
Chang H.-H.,1
Chang I.-C.,1
Chang L.-C.,1
Chanin O.,1
Charalambous G.,1
Charbord P.,1
Charman S.C.,1
Chatterjee A.,1
Chatterjee K.,1
Chatterjee S.,1
Chaudhuri S.K.,1
Chaulagain S.,1
Cheah J.-H.,1
Cheah S.,1
Checconi O.,1
Chee L.M.,1
Chegireddy V.,1
Chen C.-C.,1
Chen C.-H.,1
Chen C.C.,1
Chen H.-C.,1
Chen I.-S.,1
Chen J.,1
Chen P.,1
Chen S.-H.,1
Chen W.-C.,1
Chen X.,1
Chen Y.Y.B.,1
Cheng B.L.,1
Cheng D.-Y.,1
Cheng K.M.,1
Cheok J.B.C.,1
Chergui K.,1
Chernbumroong S.,1
Cheung Y.-Y.,1
Chew Y.T.,1
Chhina D.K.,1
Chiang C.-W.,1
Chiang L.,1
Chinai R.,1
Chipman D.W.,1
Chiremel Chandy J.J.,1
Chistobaev A.I.,1
Chitra M.,1
Chiu S.-C.,1
Chiwpreechar Y.,1
Cho I.-C.,1
Cho W.H.,1
Choi H.,1
Choi H.C.,1
Choi H.Y.,1
Choi J.-W.,1
Choi K.,1
Choi W.A.,1
Chongsuvivatwong V.,1
Choong Y.O.,1
Chopra K.,1
Choto P.,1
Chou P.-C.,1
Chow K.-H.,1
Chuang T.C.,1
Chuck A.W.,1
Chung H.,1
Chung H.C.,1
Chung J.I.,1
Chung K.,1
Chung K.-C.,1
Chung K.-P.,1
Chung P.,1
Chung Y.H.,1
Ciasullo M.V.,1
Cieslak P.R.,1
Cilli M.,1
Ciocoiu C.N.,1
Clarke N.,1
Claster W.,1
Cleary S.,1
Clemens T.,1
Clifford C.,1
Clout R.,1
Cobanoglu C.,1
Codron G.,1
Coggins S.,1
Cohen M.M.,1
Cohn C.S.,1
Collier R.,1
Collins A.,1
Colombat P.,1
Conejero J.A.,1
Cook S.,1
Coon J.,1
Copeland W.K.,1
Corbridge S.,1
Corfa V.,1
Cornejo A.C.,1
Corriveau A.,1
Cossard L.,1
Cossart Y.E.,1
Costa C.,1
Costanza F.,1
Cotte C.,1
Cotter D.,1
Cottington E.,1
Cousseau S.,1
Coustasse A.,1
Coutolleau A.,1
Covino J.,1
Cram P.,1
Cros H.D.,1
Crozier G.K.D.,1
Cruz-Correia R.,1
Csapó J.,1
Cuculic M.,1
Cunha B.,1
Curtin S.,1
Curtis J.,1
Cusumano L.R.,1
Cvitan L.,1
Czinkota M.,1
Cárdenas D.,1
D'Achille R.S.,1
D'Amico E.,1
Dagis A.,1
Dalen J.E.,1
Daley K.N.,1
Dalstrom M.,1
Damanhori A.H.H.,1
Danesh V.,1
Dang T.M.H.,1
Dangor F.,1
Daniels C.,1
Darabont R.O.,1
Daryaei M.,1
Das B.,1
Das G.,1
Das P.,1
Das V.,1
Datta B.,1
Daumal M.,1
Davidson J.E.,1
Davidson S.,1
Davoust E.,1
Dawood R.,1
Day J.-D.,1
De Angeli S.,1
De Arellano A.B.R.,1
De Jesus A.,1
De Looze K.,1
De Marco L.,1
De Neve J.-W.,1
De Rinaldis M.,1
De Silva A.H.,1
DeMicco F.,1
DePaul V.G.,1
Dean R.,1
Deau D.X.,1
Deebhijarn S.,1
Deepu P.,1
Degan M.,1
Degenne M.,1
Delancey D.,1
Delgado J.,1
Delgoshaei B.,1
Deljoomanesh S.,1
Den Exter A.,1
Denis E.,1
Denomme J.,1
Derriks T.,1
Desai S.D.,1
Desbois I.,1
Desikan R.,1
Deveaux T.,1
Devore P.,1
Devos N.,1
Dey A.,1
Dey N.,1
Dhaher Y.,1
Dhale S.,1
Dhaliwal R.,1
Dhatchayeny D.R.,1
Dholakia N.,1
Diamond D.L.,1
Didascalou E.,1
Didaskalou E.A.,1
Dieckmann P.,1
Dileep M.R.,1
Dillard R.,1
Dillette A.K.,1
Dimitriu R.I.,1
Dimitrovski D.,1
Doarn C.R.,1
Dobbin J.,1
Doerschug K.,1
Dogra A.K.,1
Dogra P.,1
Doherty-King B.,1
Domenech J.,1
Donetti L.,1
Donohoe M.,1
Doshi D.,1
Doshi D.R.,1
Douglas A.C.,1
Douglas D.E.,1
Dousse N.,1
Draper L.,1
Drinkert A.,1
Drăgoescu R.M.,1
Du Cros H.,1
Du J.,1
Dubecq M.,1
Dubrey S.W.,1
Dugdale C.M.,1
Duhn L.,1
Duman T.,1
Dumont N.,1
Dundar M.,1
Dunn P.,1
Durham J.,1
Duwell M.,1
Dyck I.,1
Dykes T.,1
Dzulkipli M.R.,1
Eades J.,1
Eades J.S.,1
Ebihara S.,1
Ebine N.,1
Echo A.,1
Edamatsu H.,1
Edgar R.,1
Edral A.,1
Edvardsson B.,1
Ehlenbach W.J.,1
Ehrbeck T.,1
Ehrenfeld M.,1
Eikermann M.,1
Eissler L.A.,1
El-Sherif A.,1
ElSherif H.,1
Elliot C.,1
Elliott F.,1
Eltorai A.E.M.,1
Ely E.W.,1
Emuoyibofarhe J.O.,1
Enderwick P.,1
Endo H.,1
Engedal K.,1
Enriquez M.L.,1
Eom T.,1
Epstein V.,1
Erfurt-Cooper P.,1
Escaravage E.,1
Esengun K.,1
Eshel A.,1
Esiyok B.,1
Esmaeili H.-A.,1
Esparza Santillana M.A.,1
Eto H.,1
Eusébio C.,1
Evora P.R.B.,1
Ewan M.,1
Ewusie J.,1
Fabi V.,1
Fahy N.,1
Falavigna G.,1
Falcon C.,1
Falcón Romero M.,1
Faraday M.,1
Farahan M.A.,1
Farahani M.M.,1
Faraji Khiavi F.,1
Faria S.,1
Faroldi E.,1
Farooq S.,1
Fassas A.,1
Fazel M.,1
Feiz D.,1
Fenech L.,1
Feng D.,1
Feng S.Y.,1
Fernández-Cano A.,1
Fernández-Guerrero C.,1
Fernández-Guerrero I.M.,1
Ferrari S.,1
Ferreira F.A.,1
Ferreira N.,1
Ferriol P.,1
Fetscherin M.,1
Filandysheva L.B.,1
Fink D.,1
Fischill M.,1
Fisher C.,1
Fisman D.N.,1
Fitzpatrick T.,1
Flanders S.A.,1
Fleck K.,1
Fletcher J.,1
Flood C.M.,1
Florell S.R.,1
Flores W.,1
Flores W.G.,1
Foede M.,1
Fokina-Mezentseva K.,1
Fongtanakit R.,1
Fontanari M.,1
Foster S.C.,1
Fottler M.D.,1
Fowler R.J.,1
Fradelos E.C.,1
Frame J.,1
Francesca C.,1
Franklin W.A.,1
Franzblau L.E.,1
Frenz M.,1
Freyer W.,1
Friedl H.A.,1
Friedman J.D.,1
Friedman J.H.,1
Friedman L.A.,1
Friedman M.,1
Friedman O.,1
Frost W.,1
Frädrich A.,1
Fuchs G.,1
Fuerst S.,1
Fujisaki K.,1
Fyall A.,1
GUENIOT M.,1
Gabor M.R.,1
Gabriele M.,1
Gajović S.,1
Galanis P.,1
Gamble J.R.,1
Ganer Herman H.,1
Garavand A.,1
Garcfaconde J.J.,1
García C.A.G.,1
García-Altés A.,1
García-Conde J.,1
Garimella R.,1
Garin C.,1
Garkaz M.,1
Garosi V.H.,1
Garud A.D.,1
Garzon-Serrano J.,1
Gattei V.,1
Gattinger H.,1
Gaujard E.,1
Geetha M.,1
Geitona M.,1
Geller-Bernstein C.,1
Genda A.,1
Gengan W.,1
Gennaro L.,1
Genç R.,1
George B.,1
George S.,1
George T.,1
Geraghty M.,1
Gerkin D.G.,1
Gerzmava O.,1
Ghafari A.S.,1
Ghahramani F.,1
Ghalamkari S.,1
Ghalie R.,1
Gharaghieh F.,1
Gharasi Manshadi M.,1
Ghasemian Sahebi I.,1
Ghazali P.L.,1
Ghazisaeedi M.,1
Ghorbanian M.,1
Ghosh T.,1
Ghoshal G.,1
Giacomelli G.,1
Giannotti S.,1
Gibson A.,1
Gifford B.,1
Gilli M.,1
Giovannardi M.,1
Giri A.,1
Girão J.,1
Giurgi L.A.,1
Giusti J.D.,1
Glaspy J.,1
Glauser W.,1
Glenn Cohen I.,1
Glynn F.,1
Gniadek T.J.,1
Gobić J.,1
Gola M.,1
Gola S.,1
Golikova O.M.,1
Golumbeanu M.,1
Golynker O.,1
Goncharova N.,1
Gonen N.,1
González-Torres H.J.,1
Goodarzi M.,1
Goodrich G.E.,1
Goodson C.M.,1
Gorgi H.A.,1
Goswami R.,1
Gray H.H.,1
Grazio S.,1
Green S.,1
Greenbaum A.H.,1
Greenfield D.,1
Greenfield J.,1
Greenfield S.,1
Greenhough B.,1
Greenwood J.,1
Gregg D.,1
Greie S.,1
Griffin S.,1
Griggs P.,1
Grigore A.,1
Groat P.M.,1
Grobler A.,1
Groshev I.V.,1
Grossberg R.,1
Grupper M.,1
Guba D.V.,1
Guba T.I.,1
Guevara C.,1
Guha Roy D.,1
Gui P.,1
Gulid N.,1
Gunawardena N.S.,1
Gunter K.C.,1
Guo D.,1
Guo L.,1
Guo R.,1
Gupta S.K.,1
Gupta V.,1
Gupte G.,1
Gustavo N.,1
Gustavo N.S.,1
Guérin C.,1
Guía Julve J.,1
Gürcü M.,1
Ha Y.-S.,1
Haarhoff R.,1
Haas G.,1
Habes M.,1
Habicht T.,1
Hadian M.,1
Hadler M.W.,1
Hadley J.C.,1
Haghani H.,1
Haghi M.,1
Haghtalab N.,1
Haley B.,1
Hallem Y.,1
Haller E.,1
Halstead L.S.,1
Hamel W.,1
Hami L.,1
Hamid J.S.,1
Hamid S.M.A.,1
Hamlyn-Williams C.,1
Han F.,1
Han J.-S.,1
Han S.-L.,1
Hanafiah M.H.,1
Hannam K.,1
Hansen K.S.,1
Hantikainen V.,1
Haque A.,1
Haque M.,1
Harang C.,1
Hari Harasudha H.,1
Harrington L.,1
Harris A.,1
Harrold M.,1
Hartl A.,1
Hartley R.B.,1
Hartmann S.,1
Hartwell H.,1
Haruki K.,1
Harvey M.A.,1
Hashemi S.,1
Hashim N.A.A.N.,1
Hassan A.,1
Hassan Ahmed O.,1
Hatzoglou D.,1
Hauchard I.,1
Haugen A.,1
Haung C.-Y.,1
Hause H.,1
Havrdova H.,1
Hawlena J.,1
Hawley J.,1
Hayes K.D.,1
Hazarika I.,1
Head S.K.,1
Heckle K.,1
Hee O.C.,1
Heeschen S.J.,1
Heidarzadeh N.,1
Heijman W.,1
Helble M.,1
Heller L.,1
Helms S.,1
Hendarjatno,1
Henderson A.H.,1
Henderson J.C.,1
Hendija Z.,1
Henon Hilaire S.,1
Henschel K.,1
Henson J.N.,1
Heo J.-H.,1
Hermesse J.,1
Hermetz F.,1
Hernandez-Peña Y.K.,1
Hernández-Angulo C.A.,1
Herrick D.M.,1
Hess D.C.,1
Hessam S.,1
Heydari Fard M.,1
Higaki Y.,1
Higgins L.A.,1
Hilton I.,1
Hin C.W.,1
Hinek M.,1
Hinrichs S.,1
Hinrichs-Krapels S.,1
Hirschberg G.G.,1
Hirschberg R.,1
Ho K.-T.,1
Ho L.-H.,1
Ho L.H.,1
Ho Y.C.,1
Hodak L.M.,1
Hodgson C.L.,1
Hofer S.,1
Hoffman M.,1
Hogardt M.,1
Hohm C.,1
Hohmann S.,1
Holovach N.V.,1
Holzer F.,1
Honda N.H.,1
Honegger F.,1
Hong J.-W.,1
Hong T.,1
Hong Y.A.,1
Hoogendoorn G.,1
Hopkins L.,1
Hopkins R.O.,1
Horwitz E.,1
Hosseinpourfard M.J.,1
Hou H.,1
Houdek M.T.,1
Howlett M.,1
Hreh M.,1
Hsieh M.J.,1
Hsieh P.-J.,1
Hu J.,1
Hu Z.,1
Huang A.,1
Huang M.,1
Huang T.-Y.,1
Huang Y.-F.,1
Huang Y.-L.,1
Hubeli J.,1
Huh J.-H.,1
Humpeler E.,1
Hunter D.,1
Huntington M.K.,1
Huppertz J.W.,1
Hussain I.,1
Hwang J.,1
Hwang J.H.,1
Hérault O.,1
Hörmann G.,1
III,1
IV,1
Iashina E.R.,1
Ibrahim M.,1
Ibrahim N.A.,1
Ibrahim O.,1
Idowu E.O.,1
Ikeda M.,1
Iliescu D.M.,1
Iliescu M.G.,1
Ilkan M.,1
Illes J.,1
Imani A.,1
Imison M.,1
In S.-H.,1
Inadomi J.,1
Ioannou P.,1
Ionescu E.V.,1
Iorio M.L.,1
Ipock B.,1
Ippoliti R.,1
Irlbacher-Fox S.,1
Ishii Y.,1
Isik M.,1
Islam A.,1
Ismail I.R.,1
Ismail W.K.W.,1
Ito K.,1
Ivanović N.,1
Iwu C.G.,1
Iyamu T.,1
Izadi M.,1
Izukawa T.,1
Izumo T.,1
Jabari H.,1
Jabbari A.,1
Jackson C.,1
Jackson L.A.,1
Jacob K.J.,1
Jacobs F.,1
Jaeger M.,1
Jafari S.,1
Jaffer A.,1
Jagannath S.,1
Jahn Kassim P.N.,1
Jain S.,1
Jakšić-Stojanović A.,1
James D.G.,1
James M.,1
James P.T.,1
Jamin C.,1
Janati A.,1
Janes C.,1
Jang S.H.,1
Jang S.L.,1
Jani N.,1
Janiūnaitė B.,1
Janković M.,1
Janne S.,1
Janssen W.E.,1
Jarman H.,1
Jarraya M.,1
Javed T.,1
Jawad B.A.,1
Jayaram P.,1
Jebsen R.H.,1
Jelinek T.,1
Jen C.,1
Jena J.,1
Jensen J.M.,1
Jermsittiparsert K.,1
Jette A.,1
Jette N.,1
Jewitt R.,1
Jimeno San Martín L.,1
Jin H.R.,1
Jindal P.,1
Jing F.,1
Jithin J.,1
Joanisse J.,1
John S.,1
Johns N.,1
Johnson C.,1
Johnson F.,1
Johnson J.A.,1
Johnson O.,1
Johnson T.,1
Jolly A.,1
Jolly R.,1
Jonathan P.,1
Joneidi N.,1
Jones A.,1
Jones M.,1
Jones R.B.,1
Joppe M.,1
Jorbenadze R.,1
Jose R.,1
Joseph S.,1
Josephin Arulmozhi S.,1
Jougleux M.,1
Joung D.,1
Jozsa K.,1
Judkins G.,1
Jung J.,1
Junio M.M.V.,1
Jónás-Berki M.,1
Kadjrishvili M.,1
Kagawa T.,1
Kaitelidou D.,1
Kaizer H.,1
Kalaivani A.,1
Kalantri S.P.,1
Kalaycio M.,1
Kalhor R.,1
Kama N.,1
Kamaludin N.,1
Kamisasanuki T.,1
Kanapathy K.A.P.,1
Kang M.-S.,1
Kant P.,1
Kantak N.A.,1
Kantor A.,1
Kapoor N.,1
Kar S.,1
Karachi H.,1
Karadayi M.A.,1
Karadayi-Usta S.,1
Karamehmet B.,1
Karasu Ç.,1
Kardayi-Usta S.,1
Karim S.,1
Karn S.,1
Karpov A.,1
Karpushkin A.A.,1
Karsavuran S.,1
Karvunis Y.A.,1
Kasemsap K.,1
Kasotakis G.,1
Kaspar C.,1
Kassim J.,1
Kassim P.N.J.,1
Kastenholz E.,1
Katsoni V.,1
Kauerauf J.,1
Kaufmann E.L.,1
Kaul T.K.,1
Kavrečič P.,1
Kawakami J.,1
Kaya S.,1
Kayser S.A.,1
Kazakov S.,1
Kazemi A.,1
Keerthana Y.,1
Keith L.G.,1
Kelly K.,1
Kemp E.,1
Kempf V.A.J.,1
Kendall B.A.,1
Kendall G.,1
Kenett R.S.,1
Kenny C.W.,1
Kent M.S.,1
Kerber K.,1
Kern A.,1
Kern B.S.,1
Keshavarz A.,1
Keskimäki I.,1
Kessinqer A.,1
Keune J.D.,1
Khan F.,1
Khan M.M.,1
Khan S.N.,1
Khechumyan A.F.,1
Khei L.H.,1
Khodayari-Zarnaq R.,1
Khoon C.C.,1
Khoury L.,1
Khunchumnan P.,1
Khuntia J.,1
Kiatkawsin K.,1
Kiattisin S.,1
Kiefer B.,1
Kiewel A.,1
Kilgour M.,1
Kilic A.,1
Kilic H.,1
Kim B.-S.,1
Kim D.,1
Kim H.-N.,1
Kim H.-S.,1
Kim H.-Y.,1
Kim I.,1
Kim J.,1
Kim J.-H.,1
Kim K.,1
Kim K.-L.,1
Kim K.H.,1
Kim M.-Y.,1
Kim S.-T.,1
Kim S.Y.,1
Kim T.,1
Kim T.-Y.,1
Kim W.-J.,1
Kim Y.-J.,1
Kim Y.H.,1
King B.,1
King H.,1
Kinkhabwala C.M.,1
Kinsella J.,1
Kirby N.,1
Kirchner S.,1
Kirkevold M.,1
Kiseleva A.,1
Kishore Babu M.,1
Kislan K.,1
Kitapci N.S.,1
Kitapci O.C.,1
Kitovani D.,1
Kleefield S.,1
Kleiner I.,1
Klijs J.,1
Kludt N.,1
Kneafsey R.,1
Knoll E.-M.,1
Knopf A.,1
Knox J.S.,1
Ko C.-C.,1
Ko C.-P.,1
Ko L.K.,1
Ko S.-H.,1
Kobayashi M.,1
Kodner I.J.,1
Koeshendro A.D.,1
Koggalage P.D.,1
Kogiso K.,1
Koh J.S.,1
Koh S.H.-Y.,1
Kohzuki M.,1
Koksal L.,1
Kolahdooz F.,1
Koldowski J.,1
Kolff W.J.,1
Komarov M.N.,1
Konstantakopoulou O.,1
Koo A.,1
Koo B.,1
Koo D.-W.,1
Koo S.,1
Kopmaz B.,1
Kopyirin A.,1
Kornblum J.S.,1
Kosaka T.,1
Koshkareva Y.A.,1
Kosova L.S.,1
Kostopoulou E.,1
Kouchebagh P.R.,1
Kouzaki Y.,1
Kovo M.,1
Kowalska-Bobko I.,1
Koylu C.,1
Kozarsky P.,1
Kozarsky P.E.,1
Kozma C.M.,1
Kozłowski A.,1
Kralinger M.,1
Krasnoslobodtsev A.A.,1
Krause T.,1
Kreider S.D.,1
Kreif J.,1
Kreps G.,1
Kressing F.,1
Krishna Raj R.,1
Krishnamoorthy S.,1
Kritikou P.,1
Kronfol N.,1
Kronfol N.M.,1
Kruizinga P.,1
Krupp A.E.,1
Kucerová J.,1
Kuczamer-Kłopotowska S.,1
Kuehn B.,1
Kumantsova E.S.,1
Kumar A.,1
Kumar N.,1
Kumar R.,1
Kumpar D.,1
Kunanets N.,1
Kundt F.S.,1
Kunitoh H.,1
Kuo C.-W.,1
Kuo H.-C.,1
Kuper Sason L.,1
Kursun S.A.,1
Kurtulmuş S.,1
Kurtulmuşoğlu F.B.,1
Kushnir V.,1
Kyriopoulos E.-J.,1
Kyriopoulos J.,1
Kácha O.,1
Köpke S.,1
L'Gotina L.P.,1
LUNDQVIST M.,1
LaBove G.,1
LaRocco S.A.,1
Labonte R.,1
Laboucan M.,1
Laddi A.,1
Ladkin A.,1
Laerum F.,1
Lagos D.,1
Lai E.,1
Lai E.L.,1
Laing J.H.,1
Lakhanpaul M.,1
Lalouette A.,1
Lam C.-C.C.,1
Lam C.C.-C.,1
Lambermont B.,1
Landreneau J.P.,1
Landreneau R.J.,1
Lang I.G.,1
Langarizadeh M.,1
Lange W.R.,1
Langley J.D.,1
Lanlung (Luke) C.,1
Lanza F.,1
Largani M.S.,1
Latif S.,1
Latosiewicz R.,1
Lau E.,1
Laugesen M.J.,1
Laukkanen T.,1
Laupland K.B.,1
Lavergne M.R.,1
Lawal A.T.,1
Lawrance B.N.,1
Lawrence S.,1
Lazzaro V.,1
Le Borgne C.,1
Le Pape P.,1
Leahy A.L.,1
Leaming L.E.,1
Leandro M.E.,1
Leboucher F.,1
Lee A.,1
Lee A.C.W.,1
Lee B.,1
Lee C.,1
Lee C.-W.,1
Lee C.V.,1
Lee E.J.,1
Lee H.,1
Lee H.-Y.,1
Lee H.J.,1
Lee H.K.,1
Lee I.-F.,1
Lee J.Y.,1
Lee K.,1
Lee K.-H.,1
Lee M.,1
Lee S.-C.,1
Lee S.-M.,1
Lee S.-R.,1
Lee T.H.,1
Lee W.S.,1
Lee Y.,1
Leelapattana W.,1
Lefebvre B.,1
Lega F.,1
Leggat P.,1
Lehto X.Y.,1
Lehtonen P.,1
Leibovici D.,1
Leino-Kilpi H.,1
Leite C.,1
Lenin B.K.,1
Leon L.,1
Lertwannawit A.,1
Lesny M.,1
Leteurtrois L.,1
Lettvin C.,1
Leung D.J.,1
Leung V.,1
Levaggi L.,1
Levary R.R.,1
Levine B.L.,1
Levoivenel K.,1
Levêque C.,1
Lewalle H.,1
Lewis L.,1
Li C.,1
Li J.,1
Li M.,1
Li M.-Y.,1
Li N.,1
Li Q.-S.,1
Li T.,1
Li X.,1
Li X.R.,1
Li Z.,1
Liang L.J.,1
Liang Z.-X.,1
Liaudet L.,1
Libkovska U.,1
Lifchez S.D.,1
Lim C.-K.,1
Lim G.,1
Lim S.E.R.,1
Lim Y.-J.,1
Lim Y.-M.,1
Lim Y.M.,1
Liman H.,1
Lin C.-F.,1
Lin C.-P.,1
Lin C.-T.,1
Lin H.-C.,1
Lin S.J.,1
Lin Y.,1
Lindner A.,1
Ling T.C.,1
Lingarchani A.,1
Litch J.A.,1
Litvin S.W.,1
Liu B.,1
Liu F.-Y.,1
Liu H.,1
Liu H.-H.,1
Liu I.-C.,1
Liu J.S.,1
Liu S.-L.,1
Liu Z.,1
Ljungbo K.,1
Lo C.-C.,1
Lobato M.,1
Locher C.,1
Lockyer T.,1
Loh C.P.A.,1
Lohmann D.P.,1
Lomtadze L.,1
Longo F.,1
Lordan G.,1
Lorenzon D.,1
Losito L.,1
Loukidou E.,1
Loureiro S.M.C.,1
Louro E.,1
Lovelock L.,1
Low M.P.,1
Lozhkina M.B.,1
Lozynska O.,1
Lu L.Y.Y.,1
Lu M.-T.,1
Lu S.J.,1
Lu Y.,1
Lu Z.,1
Ludwick L.,1
Luger T.,1
Luketich J.D.,1
Lum L.,1
Luna Maldonado A.,1
Lung D.,1
Lunt N.T.,1
Luo D.P.,1
Luo Y.,1
Lursinsap C.,1
Lusena-Ezera I.,1
Lusignani M.,1
Lv W.-F.,1
Ly P.,1
Ly T.-L.,1
Lynch E.B.,1
Lysaght T.,1
López Alfaro P.,1
López F.P.,1
Ma A.,1
Ma A.J.,1
MacHin L.,1
MacReady N.,1
MacRez P.,1
Macchi C.,1
Machida Y.,1
Machino K.,1
Madan S.,1
Mafrolla E.,1
Magdalini V.,1
Magier-łakomy E.,1
Magliocca P.,1
Maguire J.H.,1
Maguire Á.,1
Mahadi N.,1
Mahalingam V.,1
Maharajan S.,1
Mahboubi M.,1
Mahendradhata Y.,1
Mahlamäki E.,1
Mahmoudi G.,1
Mahoney J.,1
Main I.,1
Mair H.,1
Maitama H.Y.,1
Majeed M.,1
Makadon H.J.,1
Makusidi M.,1
Malchesky P.S.,1
Maleki Minbashrazgah M.,1
Malik G.,1
Malimon V.,1
Malkina-Pykh I.G.,1
Malvey D.,1
Malyshev A.V.,1
Mambrini G.,1
Mamun M.Z.,1
Manaf A.A.,1
Manaf N.A.,1
Manaf N.H.A.,1
Mandal S.,1
Mandaric M.,1
Manderson L.,1
Mandeville K.,1
Maneenetr T.,1
Maneesaeng B.,1
Mango P.O.,1
Mangwane J.,1
Manikam L.,1
Mann S.,1
Manna R.,1
Manor H.,1
Mantri N.,1
Maran K.,1
Marcekova R.,1
Marceková R.,1
Markovic S.,1
Marleau P.,1
Marquez C.,1
Marr S.,1
Marrie R.A.,1
Marshall PaulineC.,1
Martin D.,1
Martin O.,1
Martin R.,1
Martinez C.,1
Martinez D.,1
Martínez Almanza M.T.,1
Marzuki A.,1
Maréchal M.,1
Masarwa S.,1
Mashamba-Thompson T.,1
Mason A.M.,1
Mason C.,1
Masoudi Asl I.,1
Massoudi B.,1
Mastroleo I.,1
Maswikwa B.,1
Mathew S.,1
Mathijsen F.P.,1
Matos A.S.,1
Matsuda N.,1
Matsuno F.,1
Matsushima H.,1
Maurer F.P.,1
Mayakul T.,1
Maznichenko M.A.,1
Mazurek-Kusiak A.,1
Mazzei C.J.,1
Mazzucato M.,1
McBride L.R.,1
McCarthy A.,1
McCarthy M.K.,1
McCormack N.,1
McCosker F.,1
McCrae N.,1
McGuire M.F.,1
McHale J.,1
McHale J.V.,1
McIntosh B.,1
McKee M.,1
McKenna D.,1
McKenna D.P.,1
McKinnon B.J.,1
McLean L.,1
McLean T.R.,1
McLeod B.,1
McMillan J.A.,1
McNamara K.M.,1
Md-Yusof R.,1
Medina-Muñoz D.R.,1
Medina-Muñoz R.D.,1
Medugu A.K.,1
Meeprom S.,1
Meghdari A.,1
Mehta M.M.,1
Meier zu Köcker C.,1
Meireles L.,1
Mejri K.,1
Mellodge P.,1
Mendes J.,1
Meng F.,1
Meng F.-C.,1
Menoncin F.,1
Menvielle W.,1
Menéndez P.,1
Menéndez P.P.,1
Merdok D.,1
Merrell R.C.,1
Merry C.,1
Merzlyakova G.V.,1
Messina G.,1
Messina G.G.,1
Messinger A.,1
Metz L.M.,1
Meurer S.J.,1
Meurice C.R.,1
Meusburger A.,1
Mey S.,1
Meyer W.,1
Mhd Sarif S.,1
Mhiri M.,1
Mhiri M.B.A.,1
Michael M.,1
Michieli M.,1
Middendorp U.G.,1
Migge B.,1
Migliaccio M.,1
Mihăescu C.,1
Mikhailova M.V.,1
Mikołajewska E.,1
Mikołajewski D.,1
Mikulic M.A.,1
Millar M.R.,1
Milligan C.,1
Mills A.,1
Milone G.,1
Milovanovic V.,1
Milroy A.,1
Milutinovic S.,1
Minea I.,1
Mineff V.,1
Ming H.,1
Minne H.W.,1
Mirrer-Singer P.,1
Mirschberg G.G.,1
Mirzaei S.,1
Mishra M.R.,1
Mitrečić D.,1
Mitsi D.,1
Mittleider D.,1
Miuller G.,1
Mizuhara H.,1
Modiga G.,1
Moesslacher H.,1
Moffitt P.M.,1
Mogaka J.J.,1
Moghadam F.N.,1
Moghimehfar F.,1
Mohamad Khan N.R.,1
Mohamad M.,1
Mohamed A.S.P.,1
Mohamed Isa C.R.,1
Mohamed-Yunus N.A.,1
Mohammadi M.,1
Mohammadzadeh M.,1
Mohammed Abubakar A.,1
Mohd Yusoff R.C.,1
Mohseni M.,1
Mohsin A.,1
Mokoena L.G.,1
Molapour A.,1
Mollon N.,1
Molly M.L.,1
Momen A.,1
Momeni K.,1
Montefiori M.,1
Monteiro M.,1
Montgomery M.W.,1
Moolla R.,1
Moon M.-S.,1
Moon S.-I.,1
Moore A.,1
Moore J.E.,1
Moorthy K.,1
Moosavi A.,1
Moosavi S.,1
Mor-Yossef S.,1
Morales A.A.O.,1
Morales Muñoz S.A.,1
Morales-López S.E.,1
Moreira J.P.,1
Moreno J.F.,1
Morgan D.,1
Mori C.,1
Morkem R.,1
Moroney D.A.,1
Morris C.,1
Morris P.E.,1
Morrison A.M.,1
Mosammam H.M.,1
Moscoso A.V.,1
Moska O.,1
Moskala B.,1
Moslehifar M.A.,1
Mosquera-Laverde W.E.,1
Motaghi S.,1
Moteiey Langroudi M.H.,1
Mousavi S.H.,1
Mousavi S.M.,1
Mousavian S.J.,1
Muangna U.,1
Mueenuddin H.,1
Mueller H.,1
Muhammad A.,1
Muhammad Naziman Y.H.N.,1
Muiznieks A.,1
Mujani W.K.,1
Mulia V.B.,1
Mulkey M.,1
Mumcu G.,1
Munieleswar,1
Munshi A.,1
Munshi N.C.,1
Munárriz Ariz L.,1
Murillo R.,1
Murohv B.,1
Murphy J.,1
Murphy J.R.,1
Murphy L.,1
Murugiah M.K.,1
Musser K.A.,1
Mutalib N.S.A.,1
Muzaffar F.,1
Mühl J.,1
Na S.A.,1
Nademanee A.,1
Naderi I.,1
Nagar S.,1
Nagendra V.,1
Naghipour M.,1
Nahrstedt W.,1
Naipinit A.,1
Nakra P.,1
Nandan D.,1
Naranong A.,1
Naranong V.,1
Narasimhalu D.,1
Naseehath S.,1
Nasiri T.,1
Nasr-Esfahani M.H.,1
Nasser J.S.,1
Nastos P.,1
Nastos P.Th.,1
Nasurdin A.M.,1
Nath S.S.,1
Nath S.V.,1
Nathan Abdullah A.S.,1
Navon-venezia S.,1
Nawa R.K.,1
Naziman Y.H.N.M.,1
Nebioglu S.,1
Nedelová G.,1
Nee A.Y.H.,1
Nemie P.,1
Nenciu M.I.,1
Neri S.,1
Neroth P.,1
Netramai C.,1
Neumann V.,1
Nevins Henson J.L.,1
Ng I.-L.,1
Ngamphak S.,1
Ngamvichaikit A.,1
Nguyen H.H.,1
Nguyen H.T.,1
Nguyen T.N.,1
Nia J.T.,1
Nia T.H.,1
Nichols K.,1
Nicodemo A.,1
Nicola N.,1
Nicolaides A.,1
Nicolás Olmedo A.,1
Niechajev I.,1
Nieto I.C.,1
Nigro C.,1
Nihtinen A.,1
Nijkamp P.,1
Nikbin D.,1
Nikhshemi S.R.,1
Nikitina O.A.,1
Nilashi M.,1
Ninomiya A.,1
Nistoreanu P.,1
Nodilo M.,1
Noel C.,1
Nogrady B.,1
Noguchi H.,1
Nogueira F.,1
Noh H.,1
Nolan J.M.,1
Noonan L.,1
Noone P.,1
Novikova N.G.,1
Nowik M.,1
Noyes E.I.,1
Ntanjana A.,1
Nuankaew P.,1
Nuankaew W.,1
Nuseir M.T.,1
Nydahl P.,1
Nys J.-F.,1
Núñez E.O.,1
O'Connor M.,1
O'Leary B.,1
O'Rourke F.,1
Oates L.,1
Oborin M.,1
Oborne J.,1
Odunsi O.,1
Ogeas M.,1
Oh J.,1
Okamura S.,1
Oktriono K.,1
Oladosu J.B.,1
Olaleye O.,1
Oliver D.,1
Oltean F.D.,1
Olya H.,1
Omay E.G.G.,1
Omer Tontus H.,1
Omisore E.O.,1
On Behalf Of The Move On Collaboration,1
Onn C.Y.,1
Oprea C.,1
Oprodovsky M.,1
Oral T.,1
Ordabayeva M.,1
Orfao A.,1
Orfao A.A.,1
Orgill D.P.,1
Osadchuk A.M.,1
Osadchuk M.A.,1
Osarenkhoe A.,1
Oswold S.,1
Othman A.Y.,1
Othman K.,1
Otway M.,1
Oultram S.,1
Ovander N.L.,1
Owen M.,1
Oyner O.,1
Ozan-Rafferty M.E.,1
Ozturen A.,1
Ozturk A.B.,1
Ozuem W.,1
PAABY H.,1
Packer C.,1
Padilla P.,1
Paek S.,1
Pafford B.,1
Pagan R.,1
Page S.J.,1
Palmer J.M.,1
Palmieri P.A.,1
Paloscia C.,1
Palumbo R.,1
Pan T.-J.,1
Panda S.,1
Panfiluk E.,1
Panjamapirom A.,1
Pankaj D.,1
Papa F.,1
Paquette C.,1
Paralaticci C.,1
Parchem K.,1
Pardo P.,1
Parekh J.,1
Parinelli E.J.,1
Paris T.,1
Park B.-J.,1
Park C.,1
Park G.,1
Park J.-H.,1
Park J.-K.,1
Park J.M.,1
Park K.B.,1
Park S.,1
Park S.Y.,1
Parrinelli E.J.,1
Parry B.,1
Pashley H.S.,1
Pasichnyk V.,1
Pastor G.C.,1
Patel J.N.,1
Pathumporn J.,1
Paul D.P.,1
Paver M.,1
Pawsey M.,1
Pańczyk W.,1
Pecanac K.,1
Peck A.,1
Peerlings J.,1
Penner M.,1
Penney K.,1
Pennington D.G.,1
Pereira A.S.,1
Pereira M.I.,1
Perfetto R.,1
Peris-Ortiz M.,1
Perkumiene D.,1
Perme C.,1
Permwonguswa S.,1
Pernin A.,1
Perényi Á.,1
Pestereva N.M.,1
Peters M.,1
Petroune I.,1
Petrova D.,1
Petrun' I.B.,1
Pettiford B.L.,1
Peven M.,1
Pfeifer M.,1
Pflaumer S.M.,1
Pforr C.,1
Phanpanya K.,1
Phillips L.G.,1
Phua K.-L.,1
Phua K.H.,1
Phun J.I.V.,1
Phusavat K.,1
Pian A.,1
Piazolo M.,1
Piccardi F.,1
Pichler C.,1
Pien L.-C.,1
Pierini E.,1
Pinchera B.J.,1
Ping C.,1
Ping L.,1
Pinzo´n-Hoyos B.,1
Pioppo M.,1
Pirktl F.,1
Pitakdumrongkit K.,1
Pizam A.,1
Pizzacalla A.,1
Pizzurno E.,1
Plakolm S.,1
Plantefève G.,1
Plianbangchang S.,1
Plisova A.B.,1
Plonien C.,1
Pocock N.S.,1
Poddar M.,1
Podovac M.,1
Pohlman B.,1
Poland S.C.,1
Poletick E.B.,1
Poljanec-Borić S.,1
Polyakova A.V.,1
Pomahac B.,1
Pongwat A.,1
Poon L.M.,1
Porter M.,1
Potasman I.,1
Pothula A.,1
Pourahmad A.,1
Powell S.K.,1
Power B.,1
Powers L.F.,1
Poy J.,1
Pradhan B.B.,1
Prajitmutita L.M.,1
Prakash D.,1
Prasad R.,1
Prasai N.,1
Prasetyo A.,1
Prasitdumrong A.,1
Prathyash V.,1
Prats M.,1
Prederi,1
Preece C.N.,1
Prentice C.,1
Prince M.,1
Pritchard P.S.,1
Prosper F.F.,1
Prósper F.,1
Psiha M.M.,1
Pu C.-Y.,1
Pu L.T.,1
PuczkÓ L.,1
Puri S.,1
Puteh F.,1
Pyka K.,1
Pykh Y.A.,1
Pálfi A.,1
Półjanowicz W.,1
Qasim S.O.,1
Qiu H.Z.,1
Qolipour M.,1
Que T.-L.,1
Quentzel J.,1
Quinn M.,1
Quintela J.,1
RGM Outbreak Investigation Team,1
Rabiee A.,1
Raggio B.S.,1
Rahim N.Z.A.,1
Raja D.,1
Rajagopal S.,1
Rajamma R.K.,1
Rajeev A.,1
Ramachandran M.,1
Raman M.,1
Ramezanpour M.,1
Ramirez De Arellano A.B.,1
Rampersad S.-A.,1
Ramsden R.,1
Randers J.,1
Ranjan Debata B.,1
Rao V.,1
Rashid A.,1
Rashid N.,1
Rashid T.A.,1
Rasko J.E.J.,1
Rath S.,1
Ratnasari R.T.,1
Rauchegger T.,1
Ravaghi H.,1
Raves J.J.,1
Rawat S.R.,1
Razeq J.H.,1
Razum J.,1
Razumov A.N.,1
Razzazi M.,1
Recker A.,1
Reddy N.N.,1
Reddy S.G.,1
Reed E.G.,1
Reedy J.E.,1
Rees T.D.,1
Regaira Martínez E.,1
Reichel A.,1
Reilly W.F.,1
Reinheimer C.,1
Reish R.G.,1
Reisinger H.S.,1
Reisinger Y.,1
Remes K.,1
Renganathan R.,1
Rezaee R.,1
Rezaei S.,1
Rezaei-Hachesu P.,1
Rezaeian M.,1
Rezaeiy Mahmoudi M.,1
Rezvani E.,1
Rhea S.,1
Rhee S.M.,1
Ricci S.,1
Richards T.,1
Richmond T.,1
Rieger T.,1
Riemer B.L.,1
Rigau-Pérez J.G.,1
Rigaud J.-P.,1
Ringer L.,1
Ringle C.M.,1
Roberts H.C.,1
Robertshaw T.,1
Rocha A.S.S.,1
Rodneum J.,1
Rodrigues H.,1
Rodríguez G.J.,1
Rodríguez J.Y.,1
Roffé D.J.-L.,1
Roingeard F.,1
Rojas L.A.R.,1
Romão J.,1
Ronald B.S.,1
Rosenbusch J.,1
Rosenthal R.J.,1
Ross A.R.,1
Ross K.M.,1
Rosselli-Risal L.,1
Rotem A.,1
Rotenberk L.,1
Rouland B.,1
Roy D.G.,1
Roy J.,1
Ruffini F.,1
Rupesh Subhash A.,1
Rupolo M.,1
Russo L.,1
Russo S.,1
Ryan C.,1
Rybicki L.,1
Ryu K.,1
Rátz T.,1
STANTON M.,1
Saari S.,1
Sachdeva S.,1
Sadeh E.,1
Sadlier C.,1
Safdari R.,1
Safri F.H.M.,1
Sagan A.,1
Sagayama H.,1
Sager E.M.,1
Saidani L.,1
Saienko V.,1
Sakajiki A.,1
Sakharchuk E.S.,1
Saki Malehi A.,1
Salehi-Esfahani S.,1
Salleh F.,1
Salloum S.A.,1
Salzman R.,1
Samad S.,1
Samad-Soltani T.,1
Samadbeik M.,1
Samah N.H.A.,1
Samal A.,1
Samdin Z.,1
Samir N.,1
Samuelsen B.T.,1
San Miguel J.F.,1
San Miguel J.F.J.F.,1
San S.,1
Sanayei A.,1
Sandaran S.C.,1
Sandberg D.S.,1
Sanders D.,1
Sankar Mahapatra S.,1
Sankar P.,1
Santos R.S.,1
Santuari A.,1
Saragih H.S.,1
Sarantopoulos I.,1
Sarasa Monreal Md.elM.,1
Saravana Kumar G.,1
Sarrafi M.,1
Sarwar A.A.M.,1
Sarwar U.N.,1
Sasaki Y.,1
Satjapot S.,1
Satjapot S.P.,1
Sato R.,1
Sauer M.V.,1
Savchuk V.,1
Savelyeva N.A.,1
Savolainen E.-R.,1
Saxena M.,1
Sayer A.A.,1
Sayili M.,1
Sa’aid Hazley S.A.,1
Schalber C.,1
Schell W.,1
Schembri A.,1
Schmidt U.,1
Schneider I.,1
Schneider M.J.,1
Schobersberger W.,1
Schuchert M.J.,1
Schulkind J.,1
Schwab J.,1
Schwaber M.J.,1
Schwartz K.,1
Schwartz Z.,1
Schweinsberg S.,1
Scott A.,1
Scott J.J.,1
Scott Pritchard P.,1
Sea P.-Z.,1
Sebova L.,1
Sedianingsih,1
Sefrin P.,1
Seghiri M.,1
Selamat A.,1
Selander T.,1
Selvakumar V.,1
Sembajwe R.,1
Semenova Z.A.,1
Sen Gupta A.,1
Senecal D.,1
Sengupta A.,1
Senn B.,1
Senning A.,1
Seo B.-R.,1
Seo B.R.,1
Seok E.-J.,1
Seow A.N.,1
Seppänen M.,1
Sequeira R.P.,1
Serdarasan S.,1
Seto Y.,1
Shabaninejad H.,1
Shafapey F.,1
Shaffer P.,1
Shah G.H.,1
Shahid M.N.,1
Shahijan M.K.,1
Shahri M.H.-Z.,1
Shahvali M.,1
Shalikar S.,1
Shalini P.,1
Shams A.M.,1
Shamshiry E.,1
Shanmuganathan S.,1
Sharma A.,1
Sharma A.M.,1
Sharma B.R.,1
Sharma R.,1
Sharp J.G.,1
Shaw C.D.,1
Shchekin G.Y.,1
Sheikhbardsiri H.,1
Sheiner S.,1
Shetty P.,1
Shields L.,1
Shimosaka A.,1
Shin D.-J.,1
Shin J.,1
Shives T.C.,1
Shizuma K.,1
Shklyar M.,1
Shoeb-Ur-Rahman M.,1
Shpall E.J.,1
Shukla S.,1
Shulgina E.M.,1
Shumate A.M.,1
Shumock K.,1
Sia B.-C.,1
Sidhu M.S.,1
Siegel D.,1
Siegel Y.I.,1
Sieveking K.,1
Silva Cunha J.P.,1
Silva M.,1
Silva e Silva V.,1
Silvia F.,1
Sim F.H.,1
Sim N.K.,1
Simockova I.,1
Simonelli N.,1
Sinescu C.J.,1
Sinescu R.D.,1
Singh A.,1
Singh D.,1
Singh S.,1
Sinha S.K.,1
Sipp D.,1
Sirard R.B.,1
Skupnjak B.,1
Slany J.,1
Slavin S.A.,1
Small C.,1
Smith J.M.,1
Smith-Carrier T.,1
Snook M.E.,1
Snow G.,1
Snyder M.,1
Soares B.,1
Sobecks R.,1
Sohn M.,1
Sokołowska K.,1
Sola C.,1
Solomon I.H.,1
Soltani S.,1
Solter E.,1
Solá C.,1
Somjai S.,1
Somoskovi A.,1
Song E.-J.,1
Song K.-M.,1
Song S.M.,1
Sood K.,1
Soroka A.,1
Sothern M.,1
Soulie V.,1
Souliotis K.,1
Sparbel K.,1
Spataro P.F.,1
Speier A.,1
Spencer A.J.,1
Spencer E.,1
Spoon D.,1
Sr.,1
Sricharoenchai T.,1
Srinivasakumar V.,1
Sriprasert P.,1
Stadler M.,1
Stanbrook M.,1
Steckenbauer G.C.,1
Steiner C.J.,1
Stephano R.-M.,1
Stephenson P.,1
Sterev K.,1
Stevenson R.L.,1
Steward J.,1
Stewart J.F.,1
Stogiannidou M.,1
Stoica B.-S.,1
Stoklossa C.J.,1
Stolt M.,1
Stone A.,1
Stone J.T.,1
Stosiek N.,1
Straus S.E.,1
Strban G.,1
Su S.,1
Subhashini R.,1
Suceveanu M.,1
Suceveanu P.,1
Suchowersky O.,1
Sudi A.,1
Suess C.,1
Suetsugu T.,1
Suhr K.,1
Sujatha S.,1
Sukumaran A.K.S.,1
Sulianti D.,1
Sultana S.,1
Sun R.,1
Sung E.,1
Supakankunti S.,1
Suphan K.,1
Suraganova S.,1
Suryanarayan N.,1
Svantesson D.J.B.,1
Svenson L.W.,1
Swain S.K.,1
Swaminathan V.,1
Swartz M.T.,1
Sweetenham J.W.,1
Sylvestre C.,1
Syvertsen C.M.,1
Szymanski D.,1
Taabazuing M.-M.,1
Tabsh K.,1
Taggart L.R.,1
Taghavipoor M.,1
Taib S.N.H.,1
Tairy D.,1
Takamoto T.,1
Takbiri A.,1
Takita T.,1
Talbot S.G.,1
Taleghani M.,1
Tales K.,1
Talmadge J.,1
Tanaka H.,1
Tanaka S.,1
Tang C.S.,1
Tang L.,1
Tang L.R.,1
Tangcharoensathien V.,1
Tarantolo S.,1
Tarigan W.P.,1
Tarnai C.,1
Tatavarthy A.D.,1
Tavangar M.,1
Tawara S.,1
Tay A.G.M.,1
Taylor R.,1
Taylor V.M.,1
Teimouri H.,1
Teixeira J.P.,1
Teixeiral J.P.,1
Telej E.,1
Teng M.,1
Tengeh R.K.,1
Tengilimoglu D.,1
Teo J.W.P.,1
Terry M.,1
Terzioǧlu A.,1
Terävä V.,1
Thal K.,1
Thanuskodi S.,1
Thawornwiriyatrakul W.,1
Thilakavathy M.,1
Thiollière F.,1
Thirumoorthy T.,1
Thivellier A.,1
Thomas III C.,1
Thompson C.,1
Thompson S.J.,1
Thomson V.,1
Thomson W.M.,1
Thongma W.,1
Thongyai K.,1
Tibek S.R.,1
Tikvica Luetić A.,1
Timana H.,1
Ting H.,1
Tischler S.,1
Tkachuk H.Yu.,1
Tlamsa A.,1
To M.,1
Todd R.W.,1
Todorović A.,1
Toguchi M.,1
Toker A.,1
Tokpanov E.A.,1
Tolchieva H.,1
Tomasović Mrčela N.,1
Tomek-Roksandić S.,1
Tompkins O.S.,1
Tondo C.,1
Tongpaeng Y.,1
Toonstra A.,1
Toor A.,1
Torabipour A.,1
Torkkeli L.,1
Torkzadeh S.,1
Tournois N.,1
Tous X.,1
Toya M.,1
Trabacca A.,1
Tran B.A.P.,1
Tran J.,1
Tran T.H.,1
Tran V.,1
Travers R.,1
Travstman M.,1
Trayhan M.,1
Tregunno D.,1
Tresidder R.,1
Tricot G.,1
Trieschmann R.B.,1
Tripepi G.,1
Troiano G.,1
Troilo M.,1
Truby K.,1
Trushin M.V.,1
Tryastsin M.,1
Tsai H.-Y.,1
Tsai N.-C.,1
Tsartas P.,1
Tseng H.-T.,1
Tseng Y.-H.,1
Tsuruta T.,1
Tulay P.,1
Tully S.,1
Tunbridge W.M.G.,1
Tuominen T.,1
Tureac C.E.,1
Turner M.,1
Turtureanu A.G.,1
Tzeng G.-H.,1
Uchida Y.,1
Ueasin N.,1
Ulaş D.,1
Underwood H.R.,1
Unverzagt K.L.,1
Uremović V.,1
Ushakov D.S.,1
Usman K.,1
Usman Mohideen K.S.,1
Utsunomiya T.,1
Uzunboylu H.,1
Uçak H.,1
Vaca K.J.,1
Vaj D.,1
Vakhovych I.,1
Vakhrushev I.B.,1
Valdez E.,1
Valdés A.C.,1
Vales-Kennedy G.,1
Van Der Meulen J.,1
Van Epps D.,1
Van Loggerenberg C.,1
Van-Leuven M.,1
Vandeursen A.,1
Vanduick A.,1
Vargas-Bustamante A.,1
Vasileiou M.,1
Vedrasco E.,1
Veglia F.,1
Veitch K.,1
Velaetis M.,1
Velayuthan S.K.,1
Vendetti C.,1
Venkatesh S.,1
Venkatramana Raju D.,1
Venus S.,1
Vequist IV D.G.,1
Vequist iv D.G.,1
Verma K.,1
Veronika H.,1
Verra S.E.,1
Versi B.,1
Verso M.L.,1
Verulava T.,1
Vesole D.H.,1
Vetitnev A.,1
Vetitnev A.M.,1
Vettori M.P.,1
Vick L.,1
Vienažindiene M.,1
Vijaya R.M.,1
Vijayabanu C.,1
Vijayalakshmi R.,1
Vijayanand V.,1
Vikman N.,1
Viladrich A.,1
Villard I.,1
Vimawala S.,1
Vindrola-Padros C.,1
Vinsonneau C.,1
Virani A.,1
Vishnoi S.K.,1
Vitthal P.C.,1
Vlamos P.,1
Vogel J.,1
Vogt H.B.,1
Volintiru C.A.,1
Vollaard H.,1
Vollman A.R.,1
Volpato S.,1
Volynchuk Y.,1
Volz D.,1
Von Renteln-Kruse W.,1
Vong L.,1
Vong T.N.L.,1
Voronov Y.S.,1
Vorozbit N.,1
Vossoughi G.R.,1
Vrdoljak D.,1
Vrkljan S.,1
Vu L.,1
Vukelić I.,1
Vulcănescu R.T.,1
Vyhovskyi V.H.,1
Vásquez-Bernal O.A.,1
Waak K.,1
Wagle S.,1
Waiapha Y.,1
Waite D.,1
Walker S.,1
Wall S.,1
Wall W.,1
Wan D.,1
Wang H.-Y.,1
Wang J.,1
Wang K.,1
Wang S.,1
Wang S.-P.,1
Wang W.,1
Wanner A.L.,1
Wansom T.,1
Wapner J.,1
Warf B.,1
Warren N.A.,1
Watkins E.,1
Watts A.L.,1
Waugh W.,1
Waxman J.,1
Wedekind S.,1
Weiler B.,1
Weis J.L.,1
Weis S.A.,1
Weisenthal S.J.,1
Weiss E.M.,1
Weiss J.,1
Welch C.,1
Wellstead A.M.,1
Wernz C.,1
Wernz P.T.,1
Wertag A.,1
Wessel G.,1
West R.R.,1
Weston G.,1
White A.,1
White R.J.,1
Whiteman R.G.,1
Wichelhaus T.A.,1
Widdows H.,1
Wielgórskia R.,1
Wieser A.,1
Wiggermann N.E.,1
Wilde C.,1
Willems H.,1
Williams J.R.,1
Williams K.H.,1
Williams S.F.,1
Willis M.,1
Wilson A.,1
Wilson L.E.,1
Winkelman C.,1
Winters R.D.,1
Winthrop K.L.,1
Wise J.,1
Wisthal B.,1
Wittig J.C.,1
Wojciechowska-Solis J.,1
Wolfensberger A.,1
Wombacher K.,1
Wong B.K.M.,1
Wong K.M.,1
Wong M.S.,1
Wong P.L.,1
Wong T.W.,1
Wongchai A.,1
Wongsawat C.,1
Wongtada N.,1
Woo B.S.,1
Woo E.,1
Woodhead A.,1
Woodman J.,1
Wu C.-R.,1
Wu H.-C.,1
Wu W.-L.,1
Xavier W.,1
Xiangmin Z.,1
Xu T.,1
Xue Q.,1
Ya'akub N.I.,1
Yaacob A.,1
Yaakop A.Y.,1
Yachina E.,1
Yadav A.,1
Yadav S.,1
Yamada Y.,1
Yan J.-S.,1
Yang J.Y.,1
Yang M.-C.,1
Yang N.Y.,1
Yang Q.,1
Yang Y.,1
Yang Y.-H.,1
Yang Z.,1
Yankovskaya V.V.,1
Yarnal C.,1
Yashik,1
Yashika,1
Yasmin F.,1
Yasuda M.,1
Yawetz S.,1
Yazdi M.R.T.,1
Ye B.H.,1
Yeh R.K.-J.,1
Yen T.M.,1
Yeo H.J.,1
Yeoh B.S.A.,1
Yeoh E.,1
Yessengabylova A.,1
Yessimzhanova S.,1
Yeung K.T.,1
Yi T.,1
Yildiz A.,1
Yonemochi Y.,1
Yong Gun Fie D.,1
Yoo W.S.,1
Yoon J.,1
Yoon J.Y.,1
Yoon M.G.,1
York D.,1
York V.K.,1
Young D.,1
Young E.,1
Young J.C.,1
Young L.K.,1
Youngquist J.S.,1
Yu A.P.,1
Yu H.S.,1
Yu J.Y.,1
Yuan S.,1
Yuen P.P.,1
Yun S.-J.,1
Yuping W.,1
Yurek J.W.,1
Yushkevych O.O.,1
Yusoff A.M.,1
Yusoff K.,1
Yıldız M.S.,1
Zabołotny W.M.,1
Zacharia L.,1
Zafari Z.,1
Zafonte R.,1
Zahari M.S.M.,1
Zailan S.,1
Zain N.A.M.,1
Zainuddin A.,1
Zakaria I.,1
Zanca N.A.,1
Zand M.S.,1
Zangari M.,1
Zapata-Sirvent R.,1
Zarai M.,1
Zarei M.R.,1
Zarzeczny A.,1
Zavalishina S.Y.,1
Zavlin D.,1
Zczynska K.G.,1
Zehetner C.,1
Zeng D.D.,1
Zgalat-Lozynska L.O.,1
Zhan A.,1
Zhang J.,1
Zheng C.,1
Zhogova I.G.,1
Zhou Q.,1
Zhu Z.,1
Zhukovsky P.,1
Zhumanova B.,1
Zia Sheikholeslami N.,1
Ziaee Niri A.,1
Ziapour A.,1
Zienkiewicz E.,1
Zienkiewicz T.,1
Zisman A.,1
Zolfagharian M.,1
Zorzitto M.,1
Zou F.,1
Zupan Z.,1
Zuzda J.G.,1
Zwar N.,1
Záliš L.,1
de Araujo Lopes R.,1
de Araújo Lopes R.,1
de Carvalho A.B.S.,1
de Gara C.J.,1
de Melo C.M.T.P.,1
de Oliveira J.A.,1
del Coro Canalejas Pérez M.,1
den Exter A.,1
van Ginneken E.,1
van Heteren G.,1
van der Meulen J.,1
Álvarez M.M.,1
Álvarez-García J.,1
Álvarez-Moreno C.A.,1
Ågren L.,1
Çakar M.,1
Çelik R.N.,1
Österle A.,1
Öztürk A.O.,1
Łȩcka I.,1
Šerić N.,1
Šuligoj M.,1
Švagždiene B.,1
Ţigu G.,1
