author_keywords,frequency
medical tourism,472
health tourism,131
tourism,55
medical travel,50
healthcare,46
wellness tourism,46
globalization,29
india,28
service quality,24
malaysia,23
patient mobility,20
health,18
cross-border healthcare,17
trust,16
wellness,15
canada,14
health policy,14
international medical travel,14
medical tourists,13
mobility,13
thailand,13
ethics,12
satisfaction,12
travel,12
china,11
destination image,11
health services,11
healthcare tourism,11
motivation,11
perceived value,11
public health,11
accreditation,10
hospital,10
iran,10
medical tourism industry,10
medical treatment,10
patient satisfaction,10
quality,10
rehabilitation,10
transnational healthcare,10
customer satisfaction,8
poland,8
risk,8
servqual,8
south korea,8
spas,8
behavioral intention,7
european union,7
healthcare services,7
international patients,7
korea,7
medical services,7
patient safety,7
social media,7
spa tourism,7
well-being,7
asia,6
caribbean,6
consumer behaviour,6
content analysis,6
cost,6
culture,6
global health,6
hospitality,6
hospitals,6
international healthcare,6
marketing,6
medicine,6
recreation,6
spa,6
equity,5
global healthcare,5
health equity,5
healthcare system,5
hotel,5
image,5
intention,5
medical service,5
medical tourist,5
medical treatments,5
mobilization,5
motivations,5
patient,5
perceived risk,5
plastic surgery,5
qualitative,5
qualitative methods,5
qualitative research,5
sustainability,5
sustainable tourism,5
transplant tourism,5
united states,5
value,5
websites,5
barbados,4
bioethics,4
cancer,4
challenges,4
cluster analysis,4
competition,4
competitive advantage,4
complications,4
cosmetic surgery,4
costa rica,4
customer service,4
economy,4
entrepreneurship,4
globalisation,4
guatemala,4
healthcare quality,4
inbound medical tourism,4
indonesia,4
innovation,4
international travel,4
medical,4
medical ethics,4
medical travel facilitators,4
mexico,4
migration,4
ontology,4
patient choice,4
perceived benefits,4
product development,4
regulation,4
reproductive tourism,4
singapore,4
supply chain,4
sustainable development,4
taiwan,4
theory of planned behavior,4
tourism development,4
trade,4
trade in health services,4
travel intention,4
trends,4
turkey,4
word-of-mouth,4
access,3
advertising,3
artificial intelligence,3
attitude,3
authenticity,3
bariatric surgery,3
behavioral intentions,3
branding,3
business model,3
cardiovascular diseases,3
citizenship,3
cluster,3
consumers,3
cross-border care,3
demographics,3
destination,3
destination marketing,3
destinations,3
developing countries,3
development,3
early ambulation,3
early mobility,3
economic development,3
economic growth,3
economic impact,3
economics,3
ewom,3
factors,3
foreign patients,3
gats,3
greece,3
health and wellness tourism,3
health resort,3
health resorts,3
health system,3
health systems,3
healthcare costs,3
healthcare industry,3
healthcare providers,3
holistic,3
hospital service quality,3
informal caregiving,3
informed consent,3
infrastructure,3
intensive care unit,3
interpretive structural modelling,3
ism,3
italy,3
jordan,3
language commodification,3
lifestyle,3
maldives,3
management,3
marketing strategies,3
medical care,3
medical marketing,3
medical outsourcing,3
medical tourism services,3
medical wellness,3
mycobacterium abscessus,3
nature,3
neoliberalism,3
nurses,3
nursing,3
patient mobility directive,3
perceived risks,3
perception,3
performance,3
plerixafor,3
policy,3
private healthcare,3
push factors,3
qualitative analysis,3
quality of life,3
resort,3
revisit intention,3
risks,3
segmentation,3
services,3
social network,3
south africa,3
spa resort,3
special interest tourism,3
sport and health tourism,3
structural equation modeling,3
surgery,3
swot analysis,3
tourism destination,3
tourism marketing,3
transnationalism,3
travel medicine,3
triangulation,3
usa,3
access to care,2
affect,2
ambulation,2
amputation,2
anxiety,2
appropriation,2
arima model,2
austerity,2
australia,2
balneology,2
balneotherapy,2
bangladesh,2
barriers,2
behavioural intention,2
behavioural intentions,2
bibliometric analysis,2
biosecurity,2
borders,2
breast cancer,2
britons,2
brokers,2
caregiving,2
chennai,2
coastal tourism,2
competences,2
competitive strategy,2
corporate hospitals,2
cosmetic procedures,2
cosmetic tourism,2
costs,2
credibility,2
croatia,2
cross border healthcare,2
cross-cultural,2
cross-cultural study,2
cultural competence,2
customer services quality,2
data envelopment analysis,2
data mining,2
decision-making,2
delivery of healthcare,2
destination attributes,2
destination branding,2
destination competitiveness,2
destination trust,2
developing economies,2
developing world bioethics,2
diaspora,2
directive 2011/24/eu,2
europe,2
european court of justice,2
evaluation model,2
expectations,2
experience economy,2
face-to-face (f2f) communication,2
forecast,2
free movement,2
gap analysis,2
geography,2
germans,2
global justice,2
governance,2
graft composition,2
granger causality,2
grey forecasting,2
health economics,2
health human resources,2
health inequities,2
health insurance,2
health promotion,2
health service,2
health services research,2
health tourism destination,2
health tourism development,2
health travel,2
health-care tourism,2
healthcare and facilities,2
healthcare consumerism,2
healthcare globalization,2
healthcare management,2
healthcare provision,2
healthcare reform,2
healthcare systems,2
hong kong,2
hope,2
hospital websites,2
hungary,2
icu,2
index,2
indian economy,2
indonesian patients,2
insurance,2
international hospitals,2
international medical tourists,2
international patient service,2
ipa,2
ireland,2
islamic medical tourism,2
java concurrency,2
job performance,2
kerala tourism,2
knowledge,2
knowledge management,2
korean wave,2
kuching city,2
literature review,2
longevity,2
loyalty,2
machine learning,2
medical clinic,2
medical education,2
medical factors,2
medical industry,2
medical procedures,2
medical technology,2
medical tourism cluster,2
medical tourism companies,2
medical tourism destination,2
medical tourism facilitators,2
medical tourism marketing,2
medical tourism website,2
medical travel/tourism,2
medical travelers,2
medical travels,2
medical visa,2
medical-tourism,2
middle east,2
mineral water,2
mobilisation,2
modern medicine,2
montenegro,2
morbid obesity,2
multidrug-resistant organisms,2
multiple myeloma,2
muslim medical tourists,2
ndm-1,2
netnography,2
new economic model,2
nontuberculous mycobacteria,2
obesity,2
older adults,2
online decision-making,2
online information search,2
opportunity,2
otolaryngology,2
outcome,2
outsourcing,2
pain,2
patient motivation,2
patient transfer,2
penang island,2
perceived behavioral control,2
perceived benefit,2
perceived quality,2
performance evaluation,2
personal health,2
physical therapy,2
physicians,2
policy research,2
product quality,2
prospects,2
provider competition,2
psychological well-being,2
pull factors,2
qfd,2
quality of healthcare,2
rapidly growing mycobacteria,2
region,2
regionalization,2
religious tourism,2
resistance,2
retreat,2
review,2
rights,2
rural tourism,2
russian,2
scale,2
scale development,2
self-perception theory,2
semantic web mining,2
serbian spas,2
service,2
service innovation,2
service marketing,2
southeast asia,2
sports,2
stakeholders,2
stakeholders networking,2
stem cells,2
strategic planning,2
subjective well-being,2
surgical site infections,2
systematic review,2
technology,2
telemedicine,2
thematic content analysis,2
theory of planned behaviour,2
theory of planned behaviour (tpb),2
therapeutic landscapes,2
therapeutic mud,2
topsis,2
tourism demand,2
tourism management,2
tourism motivation,2
tourist satisfaction,2
transnational care,2
travel motivation,2
treatment,2
treatment abroad,2
trust in online information,2
typology,2
uninsured,2
united states of america,2
walking,2
wellbeing,2
wellbeing tourism,2
women's health,2
yoga,2
yoga tourism,2
(cross-border) patient mobility,1
19th and 20th century,1
4d/rcs control architecture,1
5g infrastructure,1
abdominoplasty,1
academic categories,1
accelerometer,1
access and evaluation,1
access to healthcare,1
access to information,1
aceh,1
active ageing,1
activity recognition,1
actor network theory,1
acute care hospital,1
acute care setting,1
acute respiratory distress syndrome (ards),1
adaptive governance,1
administrators,1
adolescence,1
advanced directives,1
advancement strategy,1
adverse effects,1
advertisement,1
advertisements and promotions to muslims,1
advocacy of medical destination,1
aerobiology,1
affordable healthcare,1
affordable treatment,1
africa,1
africa/south africa,1
agency,1
aggregation operators,1
aggressive strategies,1
aging,1
aging population,1
ahp,1
air and land transport,1
air anion,1
air pollution,1
alignment,1
allocation of nhs resources,1
allopathic treatment,1
alpine destination,1
alps,1
altai mountains,1
ama policy paper,1
ambivalence,1
ambulate,1
ambulatory surgical centers,1
american undergraduate students,1
amos,1
anaesthesia complication,1
analgesics,1
analytic hierarchy process,1
analytic hierarchy process (ahp),1
analytic network process,1
analytic network process (anp),1
analytical graph,1
analytical hierarchy process,1
analytical network process,1
anastomotic leak,1
anfis,1
angioplasty,1
anglo-italian relations,1
anna jameson,1
anova,1
anp,1
anp models,1
anti-aging,1
apache iii score,1
application system,1
apriori algorithm,1
arboretum,1
archipelago,1
areas,1
argentina,1
arthritis,1
asia-pacific region,1
asian cities,1
asian countries,1
asian doctors,1
asian medical tourism,1
assemblage,1
assemblages,1
assessment,1
assisted reproduction,1
assurance region,1
attitude toward medical tourism,1
attitudes,1
attractions,1
attractive forces,1
attribute,1
atypical mycobacteria,1
austerity measures,1
austra,1
autologous stem cell transplant,1
autologous stem cell transplantation,1
autonomous,1
autoregressive distribution lag model bounds test,1
autotransplants,1
avoiding harm,1
ayurveda treatment,1
ayurvedic,1
ayurvedic tourism,1
ayurvedic treatment,1
b2c(business to customer) service industry,1
babymoon tourism,1
bahrain,1
balkan,1
balkans,1
balneal,1
balneary resorts,1
bangkok,1
bathing,1
behavior,1
behavioral loyalty,1
behavioral model of health services,1
behaviors,1
belgium,1
belokurikha,1
belt and road initiative (bri),1
benchmarking,1
benchmarks,1
benefit segmentation,1
best practices,1
best worst method,1
big data,1
biofilm,1
biolaw,1
biological citizenship,1
biomedical data,1
biomedical monitoring,1
biomedical technologies,1
biomedical wastes,1
biopolitics,1
biosafety,1
biosociality,1
biotechnology,1
biovalue,1
blockchain,1
blue ocean strategy,1
body capital,1
body image,1
body modification,1
body packer,1
bone marrow transplantation,1
border,1
border effects,1
botanical drug product,1
braila lake salt,1
brain drain,1
brain-computer inteface,1
brand authenticity,1
brand awareness,1
brand image,1
brand love,1
brand loyalty,1
brand perceived quality,1
brand personality,1
brand promotion,1
brand trust,1
brands,1
breast augmentation,1
breast reduction,1
bundled payments,1
business development,1
business models,1
camera,1
cancer screening,1
canmeds,1
capabilities,1
carbapenemases,1
cardiac failure,1
cardiology,1
care assistants,1
care encounters,1
caregiver burden,1
caregivers caregiving,1
casual leisure,1
categorical data,1
cbd,1
ccsvi,1
cd34+,1
cd34+ cell mobilization,1
cd34+ hpc,1
cell therapy,1
central america,1
central and eastern europe,1
certification,1
certification system,1
cervical esophagostomy,1
cesarean-delivery,1
cfa,1
challenge,1
changing demography,1
changing economy,1
characteristics,1
child -,1
child health services,1
children's and youth tourism,1
children's health camps,1
children's tourism,1
china and us travelers,1
chinese culture,1
chinese foot-binding,1
chinese medical market,1
chinese medical tourists,1
chinese tourist,1
chinese tourists,1
choice,1
chronic otitis media,1
cii-confederation of indian industry,1
city,1
city branding,1
ciudad juárez,1
cjeu case law,1
classification,1
climate,1
climate landscape therapy,1
climatic and bio-climatic conditions,1
climatic changes,1
clinic,1
clinical excellence,1
clinical perspectives,1
clinical practice,1
clustering patient mobility,1
co-branding,1
co-creation,1
co-word analysis,1
co2 hydrotherapy,1
coastal activities,1
cocaine,1
cochlear implantation,1
cochlear implants,1
cognitive dissonance,1
cognitive function,1
cognitive impairments,1
cointegration,1
col156,1
collaborative filtering,1
colombia,1
colorectal cancer screening,1
commercialization of complementary and alternative (folk) medicine,1
commercialization of healthcare,1
commodification,1
commodification of leisure,1
communicable diseases,1
communication and information technology,1
communication strategies,1
community wellbeing,1
comparative advantage,1
comparative case study,1
comparative review,1
competency,1
competitiveness,1
competitiveness in tourism,1
competitiveness of destinations,1
competitiveness policy,1
complaint behavior,1
complaint behaviors,1
complexity theory,1
computer vision,1
computer-aided design,1
computerized patient record,1
conceptual model,1
confirmatory factor analysis,1
conjugation,1
connections,1
connectivity,1
conserving resources,1
consistency,1
constitution,1
constructivism,1
consumer agency,1
consumer behavior,1
consumer health information,1
consumer involvement,1
consumer perception,1
consumerism,1
consumer’s origin,1
context,1
contextual fit,1
continuing medical education,1
continuous quality improvement,1
convenience,1
conventional allopathic medicine,1
convergence,1
cooperation,1
coordination,1
coordinator,1
coronary,1
corporate image,1
cosmeceuticals,1
cosmetic procedure,1
cosmetic surgical procedures,1
cost analysis,1
cost comparison,1
cost containment,1
cost reduction,1
cost savings,1
costumer satisfaction,1
cough reflex,1
country,1
country branding,1
country-of-origin effect,1
creak,1
creative economy,1
crikvenica,1
crikvenica (croatia),1
criteria for selecting medical tourism sites,1
critical care diseases,1
critical care illness,1
critical discourse analysis,1
critical pedagogy,1
cross-border contracting,1
cross-border medical tourism,1
cross-border migration,1
cross-border movement,1
cross-border patient mobility,1
cross-cultural competence,1
cross-cultural understanding,1
cultural competency,1
cultural differences,1
cultural distance,1
cultural economy,1
cultural familiarity,1
cultural identity,1
cultural impact,1
cultural influences,1
cultural landscapes,1
cultural sensitivity,1
culture content,1
customer,1
customer based brand equity scale,1
customer expectation,1
customer intention,1
customer preference,1
customer relationship management,1
customer value,1
customer value anticipation,1
customer-based brand equity scale,1
customers,1
cyprus,1
czech health spa,1
danp,1
dashboard,1
data,1
data acquisition,1
data analysis,1
data-based rankings,1
de medicis peregrinationibus,1
dead sea,1
decentralization,1
decentralized health systems,1
decision making,1
decision model,1
decision-making units,1
decisional process,1
decisive determinants,1
decisive factors,1
decomposed theory of planned behavior,1
deep sea water (dsw),1
definitions,1
delhi hospitals,1
delhi national capital region,1
delirium,1
delphi,1
delphi method,1
delphi method.,1
delphi study,1
demand,1
demand model,1
dematel,1
demographic profile,1
dental care,1
dental health tourism,1
dental patients,1
dental tourism,1
dentistry,1
depression,1
destination choice,1
destination choice behavior,1
destination choice intention,1
destination cognitive and affective image,1
destination countries,1
destination desirability,1
destination development,1
destination factors,1
destination intention behaviour,1
destination management organization,1
destination personality,1
destination price,1
destination risk perception,1
destination selection attributes,1
destinations for medical service,1
developed countries,1
developing destinations,1
development dynamics,1
development scenarios,1
devoutness,1
"dgm(2,1) model",1
diabetes,1
diagnostic errors,1
diagnostic-therapeutic tourism,1
diamond blackfan anaemia,1
diamond model,1
diaspora health,1
diaspora travel,1
diasporic medical tourism,1
diasporic tourism,1
differentiation,1
diffusion,1
digital marketing,1
digital media,1
digital radiography,1
dignity and access,1
dimensions of experiential quality,1
dimensions of the country-of-origin,1
direct to consumer health marketing,1
disability,1
disabled people,1
disease,1
disenfranchisement,1
disintermediation,1
dispensing errors,1
displacement,1
disruption,1
dissatisfaction,1
dissonance,1
distributive justice,1
diversification,1
diversity,1
dmus,1
doctor rating system,1
doctors’ medical expertise,1
domestic,1
domestic medical tourism,1
domestic tourism,1
domestic tourist,1
donor programme,1
donors,1
drivers,1
drug intoxication,1
drug trafficking,1
duty to inform in the framework of health tourism law,1
dynamic supply chain,1
e-health,1
e-hospital,1
e-medical tourism intermediaries,1
ear surgery,1
east asian womanhood,1
east azerbaijan province,1
east-west differences,1
ecj case-law,1
eclectic approach,1
economic determinants,1
economic diversification,1
economic gains from international trade,1
economic globalization,1
economic issues,1
economic sociology,1
economies of scale,1
ecosystem,1
ecosystem services,1
education on health tourism,1
education tourism,1
educational potential of sports and wellness tourism,1
efa,1
effective communication,1
efficiency,1
efficiency in healthcare,1
egypt,1
elasticity,1
elective surgeries,1
elective surgery,1
electronic documentation,1
emancipation from market,1
embeddedness,1
embodiment,1
embodiment of tourism,1
emergency,1
emergency medical system,1
emergency service,1
emerging economies,1
emerging market,1
emerging markets,1
emirati patients,1
emotion,1
emotional discomfort,1
emotional geography,1
emotional well-being,1
emotional wellness,1
emotions,1
empirical ethics,1
empirical research,1
empirical testing,1
employee characteristics,1
employee green behavior,1
employment generation,1
enablers,1
encryption,1
end-stage renal disease,1
endogenous resources,1
energy balance,1
energy intake,1
english nhs,1
enterprise architecture (ea),1
entourage effect,1
entrepreneurial opportunity,1
entrepreneurial state,1
enunciation,1
environment,1
environmental health,1
environmental service tax,1
esophagectomy,1
esthetic surgery,1
ethical and sustainable tourism development and management,1
ethical insights,1
ethics of care,1
ethnic chinese indonesians,1
ethnographic approach,1
eu,1
eu charter,1
eu enlargement,1
eu health law,1
eu integration,1
eu law,1
eu patients,1
eudaimonic well-being,1
european demographics,1
european law,1
evaluation tool,1
evidence-based policy,1
evolutional game,1
ex vivo expansion bioreactors,1
excess weight,1
exercise,1
existential authenticity,1
existentialism,1
exit intention,1
exoskeleton,1
expectancy violations,1
experience,1
experience marketing,1
experience quality,1
experienced doctors,1
experiential engagement,1
experiential quality,1
expert decision-making model,1
expertise,1
exploratory factor analysis,1
export market orientation,1
exports & imports,1
external environment,1
extracorporeal membrane oxygenation,1
extrinsic motivation,1
facebook,1
facilitating factors,1
facilitation,1
facilitator,1
facility regulation,1
factor analysis,1
failure,1
family,1
family caregiver,1
family caregivers,1
family caregiving,1
family practice,1
family-centred care,1
fars province,1
feed back by patients,1
fertility,1
fertility enhancers,1
ficci,1
finance,1
financial crisis,1
finland,1
fixation stability score,1
fixed effects panel model,1
flow cytometry,1
flow mapping,1
fmicmac,1
focus group,1
focus groups,1
forecasts,1
foreign direct investment (fdi),1
foreign exchange,1
foreign medical tourists,1
foreign patients living in japan,1
foreign patients' loyalty,1
foreign tourist arrivals,1
foreigners,1
forest bathing,1
forest environment,1
forest-based wellbeing tourism,1
forms of tourism,1
fracture,1
frail,1
frail children,1
free movement of patients within the eu,1
free movement of services,1
free trade zones,1
freedom to provide services,1
ftzs,1
future,1
future trends,1
fuzzy ism,1
fuzzy topsis,1
fuzzy vikor,1
g-csf mobilization,1
game theory,1
gamete donation,1
gandy nomogram,1
gap theory,1
gastric decompression,1
gcc,1
gdp,1
gender,1
gender differences,1
genomics,1
geographic mobility,1
georgia,1
geriatric radiology,1
germany,1
gis,1
global,1
global competition,1
global disjunctures,1
global health equity,1
global health policy,1
global health services,1
global medicine,1
global oncology,1
global outsourcing,1
global trends,1
global value chain,1
global value chain (gvc),1
globalization of healthcare,1
"gm( 1, 1)",1
"gm(1,1) model",1
goals,1
goniometer,1
government,1
grado,1
graph theory and matrix approach,1
gravity model,1
grey system theory,1
ground arrangement,1
grounded theory,1
groundwater resources,1
groups,1
growth,1
growth rate,1
gtma,1
guest,1
guideline,1
gulf cooperation council,1
haematopoietic progenitor cells,1
haematopoietic stem cell transplantation,1
hainan province,1
halal,1
halal healthcare,1
halal market,1
halal medical tourism,1
halal practice,1
halfacree,1
hallyu,1
hand surgery,1
hand-foot-mouth disease,1
head and neck cancer,1
head gestures,1
headache,1
healing areas,1
healing arts,1
healing involvement,1
healing tour behavior,1
health and beauty tourism,1
health and body management,1
health and medicine,1
health and social work expenditures,1
health and wellness tourism and thailand,1
health belief model,1
health belief model (hbm),1
health center,1
health cluster,1
health consciousness,1
health costs,1
health environment,1
health expenditure,1
health facilities,1
health finance,1
health funding,1
health globalization,1
health hazard,1
health information,1
health information systems,1
health institutions,1
health knowledge,1
health legislation,1
health on the net,1
health oriented learning,1
health planning,1
health pole,1
health policies,1
health precautions,1
health preservation by hot spring,1
health preservation of forest,1
health promoting resources,1
health provision,1
health resort and recreation,1
health resort treatment tourism,1
health seeking traveler,1
health service export,1
health service trade,1
health services accessibility,1
health services management,1
health services trade,1
health social movements,1
health span,1
health systems development,1
health tourism demand,1
health tourism education,1
health tourism facilities,1
health tourism information,1
health tourism management,1
health tourism managers,1
health tourism.,1
health tourist,1
health tourists,1
health travel global market,1
health travellers,1
health treatment mobility,1
health websites,1
health-care access,1
health-care facility choice,1
health-care privatisation,1
health-care providers,1
health-care systems,1
health-related tourist destinations,1
health-seeking behavior,1
health-service delivery,1
healthcare abroad,1
healthcare access,1
healthcare advocacy,1
healthcare agencies,1
healthcare and wellness program,1
healthcare and wellness tourism,1
healthcare availability,1
healthcare benefit basket,1
healthcare commodification,1
healthcare consumption,1
healthcare cost,1
healthcare experience,1
healthcare hotel,1
healthcare innovation,1
healthcare institutions,1
healthcare products,1
healthcare professional,1
healthcare provider,1
healthcare reforms,1
healthcare service provider type selection,1
healthcare strategy,1
healthcare system efficiency,1
healthcare-quality,1
healthiness,1
healthy lifestyle,1
heart rate variability,1
heart surgery,1
heart-valve replacement,1
heating and cooling degree-days,1
heating season start and end dates,1
hedonic well-being,1
heidegger,1
hematological recovery,1
hematopoeitic recovery,1
hereditary spherocytosis,1
heroin,1
hidden populations,1
hierarchical clustering,1
hierarchical linear model,1
high deductible insurance,1
higher education,1
hip replacement,1
hip resurfacing,1
history of medical education,1
history of medicine,1
history of tourism,1
hodgkin lymphoma,1
hofstede’s dimensions,1
home assist device,1
hospitable hospitals,1
hospital accreditation,1
hospital admissions,1
hospital bypassing,1
hospital care,1
hospital communication,1
hospital facilities,1
hospital hygiene,1
hospital image,1
hospital marketing,1
hospital prestige,1
hospital selection,1
hospitality at hospitals,1
hospitality service medical tourism,1
hospitality services,1
hospitals in india,1
hotel hospital gandhi,1
hotel-spitals,1
house of quality,1
hua hin,1
hua-hin tourism,1
human behaviour,1
human capital development,1
human resource development strategy,1
human resource management strategy,1
human resources,1
human rights,1
hybrid mobilities,1
hybridity,1
icts,1
identity,1
igalo health centre,1
imitative isomorphism,1
immigration policy,1
immobility,1
immune recovery,1
implementation,1
implementing directive,1
implications for national health systems,1
importance performance analysis,1
importance-performance analysis (ipa),1
importance-performance map,1
in vitro fertilization,1
in vitro fertilization (ivf),1
in-between worlds,1
inbound medical tourists,1
inbound tourists,1
income,1
income and employment multiplier,1
income inequalities,1
indian hospital chains,1
indian medical tourism,1
indian private hospitals,1
indian-south africans,1
indications,1
indigenous fertility enhancers,1
indigenous knowledge,1
indigenous property rights,1
individual visit scheme,1
individualism,1
indonesian healthcare,1
industrial revolution,1
industrialists,1
industry medical tourism index,1
infection control,1
infectious disease,1
inferior medical care,1
influencing factors,1
informal care-giving,1
informal education methods,1
information and data management,1
information needs,1
information sources,1
information systems,1
information technology,1
informational intervention,1
informed decision-making,1
ingenious sexual stimulants,1
innovation technologies,1
innovations,1
inpatients,1
institutionalism,1
institutions,1
instrumental variable regression,1
integrated model,1
integrated tourism,1
integration,1
integrative diversification,1
integrative medicine,1
intelligent system,1
intention to recommend,1
intention to revisit,1
intention to visit,1
intentions,1
inter-disciplinary approach,1
interaction quality,1
interleukin 8,1
intermediaries,1
international accreditation,1
international accreditation body,1
international case management,1
international competitiveness,1
international health-care,1
international healthcare costs,1
international healthcare services,1
international hospital,1
international justice,1
international marketing,1
international medical tourist,1
international medicine,1
international meditour coordinator,1
international new venture,1
international patient,1
international patient coordinators,1
international patient deterrents,1
international tourism market,1
international trade,1
internationalization,1
internationally accredited multispecialty hospitals,1
internet,1
internet marketing,1
interoperability,1
interpretative research,1
interpretative structural modelling,1
interpretive structural modeling,1
interregional patient mobility,1
intertrochanteric,1
interventions,1
interviews,1
intra-regional tourism,1
intramedullary hip nail,1
intrinsic motivation,1
involvement,1
iot applications,1
ipop,1
ir 4.0,1
iran health tourism,1
iraqi medcal tourists in imam reza medical center,1
isced,1
ischemia,1
isfahan,1
islam,1
islamic hospitals and medical tourism,1
islamic market segmentation,1
islamic marketing,1
islamic standards,1
island mljet,1
italian healthcare authorities,1
italian national health service (nhs),1
italian risorgimento,1
italian spas,1
j2me,1
jamaica,1
japanese tourist,1
jci,1
jci-international joint commission,1
jci-joint commission international,1
job burnout,1
job characteristics,1
job satisfaction,1
johann peter frank,1
johansen cointegration,1
joint replacement surgery,1
"joint, total replacement",1
juridification,1
justice,1
k-medical tourism,1
k-nearest neighbor (knn),1
kangal fish spring,1
karnataka,1
kazakhstan,1
keyword analysis,1
khat,1
kidney transplant,1
kingdom of bahrain,1
knee replacement,1
knee replacements,1
knowledge asymmetry,1
knowledge based,1
knowledge documents,1
knowledge gap,1
knowledge management capability,1
korean american,1
korean americans,1
korean drama,1
korean immigrants,1
korean medical tourism,1
kpj healthcare,1
kuala lumpur,1
l-selectin,1
labor productivity,1
lake zhalanashkol,1
landscapes of care,1
language and health,1
language and healthcare,1
language and work,1
language gap,1
language ideologies,1
language policy at work,1
las vegas,1
latent semantic analysis (lsa),1
latin america,1
latin american and caribbean (lac) region,1
latin american and caribbean region,1
law,1
least likelihood model (elm),1
leastlikelihoodmodel (elm),1
legal,1
legal definition of treatment contracts,1
legal issues,1
legal standards,1
legal studies,1
legal uncertainty,1
leicester cough questionnaire-acute,1
leisure,1
leisure activities,1
leisure satisfaction,1
leisure/vacation satisfaction,1
length of stay,1
lessons learned,1
level of experience,1
leximancer,1
liability,1
liberalization,1
libya,1
life course,1
life satisfaction,1
life span,1
lifestyles,1
lift use,1
light-emitting diodes,1
likert scale,1
linguistic proficiency,1
linked data,1
lipectomy,1
liposuction,1
liptov tourist region,1
literature and medicine,1
lithuania,1
local government,1
long-age village,1
longitudinal deficiency of the femur,1
low- and middle-income countries,1
low-cost,1
low-income countries,1
low-mountain areas,1
low-priority treatment,1
lower medical costs,1
lublin province,1
luxury,1
lymphoma,1
m t-medical tourism,1
machine translation,1
machine-type communication,1
macro-level determinants,1
madm technique,1
mahalanobis distance,1
main path analysis,1
mainland chinese medical tourist,1
malaysian private hospitals,1
malpractice,1
mammography,1
managed competition,1
management information systems,1
management of destinations,1
mangalore,1
map reduce,1
mapreduce,1
marijuana refugees,1
market,1
market dynamics,1
market malaysia,1
market mechanism,1
market orientation,1
market segmentation,1
market size,1
marketing concepts,1
marketing impact,1
marketing mix,1
marketing of health services,1
marketing of services,1
marketing solutions,1
marketing strategies etc,1
marketing strategy,1
markets,1
markov chain,1
maternity tourism,1
matrix metalloproteinase 9,1
mcdm,1
mdd 42/93/ce certified,1
measures air anion concentration,1
mechanical lift,1
medcal,1
medical act,1
medical and biological efficiency,1
medical and health information,1
medical and health tourism,1
medical and wellness tourism,1
medical anthropology,1
medical cannabis tourism,1
medical companions,1
medical complication,1
medical costs,1
medical decision making,1
medical decision-making,1
medical delays,1
medical destination,1
medical destination brand,1
medical dominance,1
medical expertise & cost efficiency,1
medical facilitators,1
medical facilities,1
medical health tourism,1
medical hotel,1
medical hotels,1
medical imaginary,1
medical immigration,1
medical informatics,1
medical information search,1
medical information systems,1
medical infrastructure,1
medical migration,1
medical mobilities,1
medical mobility,1
medical offshoring,1
medical ontology,1
medical prescriptions,1
medical price,1
medical procedures abroad,1
medical product quality,1
medical professionals,1
medical provider,1
medical quality,1
medical record linkage,1
medical recovery,1
medical regulation,1
medical research centers and medical tourist staffs,1
medical researchers,1
medical right,1
medical sapphire,1
medical sector,1
medical service provider,1
medical service quality,1
medical services provider,1
medical services providers,1
medical services quality,1
medical spa,1
medical specialty,1
medical systems,1
medical tour,1
medical tourism -,1
medical tourism advertising,1
medical tourism agencies,1
medical tourism agents,1
medical tourism alliance,1
medical tourism components,1
medical tourism consumers,1
medical tourism demand,1
medical tourism demands,1
medical tourism destination choice,1
medical tourism destination image,1
medical tourism destinations,1
medical tourism hospital,1
medical tourism index,1
medical tourism information,1
medical tourism motivation,1
medical tourism platform,1
medical tourism potentiators,1
medical tourism providers,1
medical tourism scoping,1
medical tourism sector,1
medical tourism service,1
medical tourism service supply chain,1
medical tourism stakeholders,1
medical tourism supply chain,1
medical tourism zones (healthcare free zones),1
medical tourism.,1
medical tourist perception,1
medical tourist satisfaction,1
medical tourists’ perceived risks,1
medical travel culture,1
medical travel destination,1
medical travel destination image,1
medical travel destinations,1
medical travel industry,1
medical travel organizers,1
medical travel value,1
medical traveler,1
medical traveller,1
medical treatment abroad,1
medical treatment overseas,1
medical treatments and services,1
medical trip,1
medical value travel,1
medicalisation,1
medicalization of society,1
medication cost,1
medtour scale,1
mega cities,1
metafrontier,1
methodological complexities,1
metrics,1
micmac analysis,1
micro-entrepreneur,1
microcontrollers,1
middle class women,1
middle east tourists,1
middle-aged visitors,1
migrant health,1
migrants,1
migration health,1
mineral resources,1
mineral waters,1
minerals,1
mixed marketing,1
mixed-method approach,1
mobile app,1
mobile application,1
mobile applications,1
mobile computing,1
mobile health application,1
mobile heart-pulmonary auxiliary device,1
mobile information technologies,1
mobile phone,1
mobile phones,1
mobile services,1
mobility infrastructure,1
mobility limitation,1
mobility of healthcare service,1
mobility pattern,1
mobility programs,1
mobility status,1
model servqual,1
models of medical tourism,1
modified delphi method,1
mongolia,1
monochronic cultures,1
moralities,1
morality,1
morbidity,1
mortality,1
motivation theory,1
motivational factors,1
motor activity,1
mountain ski resort,1
mountainous region,1
mountains,1
mpv medical procedure vacation,1
mt-medical tourism,1
mtv,1
mucormycosis,1
multi institutional systems,1
multi-criteria decision-making,1
multi-stakeholder involvement model,1
multicore,1
multidisciplinary team,1
multilevel model,1
multinationals,1
multiple criteria decision-making,1
multiple criteria group decision making,1
multiple regression,1
multiple sclerosis,1
multiprofessional,1
multivariate analysis,1
muscle mass,1
muscle strength,1
musculoskeletal disorders,1
muslim,1
muslim friendly,1
mycobacteria chelonae,1
mycobacterium abscessus complex,1
myeloma,1
nabh-national accreditation board of health,1
namibia healthcare,1
nation-state,1
national identity,1
national image,1
national tourism management,1
national tourism organisations,1
natura 2000,1
natural heritage,1
natural language processing,1
natural mineral water,1
natural remedies,1
natural resources development,1
natural treatment,1
ndm-5,1
negative emotional response,1
negative waiting experience,1
neo-institutionalism,1
neoplasms,1
network,1
network development,1
network society,1
network text analysis,1
networks,1
neural network,1
neuro-fuzzy,1
neurological intensive care,1
neuroprosthesis,1
neutrosophic fuzzy preference relations,1
neutrosophic fuzzy sets,1
new and repeat customers,1
new growth engine,1
new model,1
new service development,1
new york-new jersey area,1
news media,1
newspaper,1
newspaper articles,1
nhl,1
niche service,1
niche tourism,1
nigeria,1
nineteenth century fiction,1
nomogram,1
non-communicable conditions,1
non-hodgkin lymphoma,1
non-leisure satisfaction,1
non-linear panel-data methods,1
nonresident patients,1
nordic countries,1
normative institutional framework,1
north america,1
north korean threat,1
north-south divide,1
northern canada,1
northern cyprus,1
npos,1
nursing care,1
nursing home patients,1
nursing role in medical tourism,1
nursing undergraduate education,1
objectives,1
obligations of physician,1
old age visitors,1
older,1
older consumers,1
older people,1
olympiaregion seefeld,1
oman,1
on-line search,1
online,1
online communication,1
online portal,1
online wom,1
ontology engineering,1
oocyte donation,1
operating costs in healthcare,1
operational efficiency,1
opinion,1
opportunities,1
optical communications,1
or in government,1
orava tourist region,1
organ donation,1
organ tourism,1
organ trafficking,1
organ transplantation,1
organic food,1
organization-oriented standards,1
organizational characteristics,1
organizational development,1
organizational performance,1
outbound,1
outbound medical tourism,1
outcomes,1
outpatient facilities,1
outpatient surgery,1
outpatients,1
overriding reasons of general interest,1
overseas markets,1
overseas surgery,1
oxa-48,1
pacemaker,1
paediatrics,1
parallel search engine,1
paraplegic,1
partial least squares,1
participation intention,1
particulate matter,1
partnership quality,1
patient attitude,1
patient decision-making,1
patient experience,1
patient falls,1
patient immobility,1
patient lift,1
patient lifting and positioning,1
patient loyalty,1
patient mobilisation,1
patient monitors,1
patient needs,1
patient non-compliance,1
patient outcomes,1
patient participation,1
patient perception,1
patient perceptions,1
patient preference,1
patient protection,1
patient retention,1
patient satisfaction index,1
patient testimonials,1
patient tourism,1
patient travel motivations,1
patient's rights,1
patient-consumer,1
patient-oriented standards,1
patient-safety,1
patients,1
patients from abroad,1
patients mobility.,1
patients' mobility process,1
patients' rights,1
patients' rights directive,1
patients’ loyalty,1
patients’ satisfaction,1
patrons,1
pattern,1
pediatric equipment,1
pedometer,1
pegfilgrastim,1
penang,1
perceived,1
perceived authenticity,1
perceived barriers,1
perceived competence,1
perceived discrimination,1
perceived fee,1
perceived quality of medcal care,1
perceived quality of service,1
perceived sacrifice,1
perceived service quality,1
perceived services,1
perceived travel risks,1
perceived value of medical travel,1
perceived warmth,1
perceptions,1
perceptions/cognitions,1
performance management,1
performance measurement,1
peripheral blood,1
peripheral blood stem cell mobilization and collection,1
personal health record,1
personal narratives,1
personal values,1
personality,1
personality traits,1
petri net,1
pharmaceutical clinical research,1
philosophy,1
physical activity,1
physical culture,1
physical education,1
physical environment,1
physical environment quality,1
physical examination,1
physical rehabilitation,1
physician-patient communication,1
physician-patient relationship,1
physiotherapy,1
place,1
place attachment,1
place branding,1
place image,1
plain braila,1
planned behaviour,1
plasmids,1
plastic surgery tourism,1
pleasure-feeling,1
policy transfer,1
policymaking,1
politic,1
political consumerism,1
political economy of care,1
poms,1
poor mobilization,1
population ageing,1
population genetics,1
portugal,1
positive psychology,1
post-experience,1
post-transplant recovery,1
postcolonial theory,1
postoperative care,1
postoperative complications,1
posture,1
power,1
practice-based studies,1
pre-advises,1
pre-emptive use,1
preemptive plerixafor,1
pref-erential access,1
preference representation,1
preferential access,1
prevention,1
preventive medicine,1
price,1
price and volume effects,1
price reasonableness,1
pricing,1
primary healthcare,1
primary neurological injury,1
primary school age children,1
primary total hip arthroplasty,1
primary wellness tourism,1
principal component analysis,1
principal of territoriality,1
principle of solidarity,1
print media,1
prioritizing,1
privacy,1
private healthcare consumption,1
private hospital,1
private sector,1
privatization,1
probabilities,1
probit model,1
problem list,1
problems,1
problems in medical tourism,1
procedures,1
process,1
process modeling,1
process of innovation,1
product attributes,1
product differentiation,1
product diversification,1
product integration,1
product structure,1
professional affairs,1
promotion activities,1
prophylactic and therapeutic nature influence,1
prostate,1
prostatectomy,1
provider motivations,1
proximal focal femoral deficiency,1
psoriasis treatment,1
psychological capital,1
psychological distance,1
public engagement,1
public health emergency,1
public health policy,1
public healthcare,1
public-private healthcare investment,1
public-private partnership,1
publication trend,1
pull factor,1
pull motivation,1
pulmonary function,1
pure unconditional intentions,1
push and pull factors,1
push and pull motivation,1
push motive,1
push-pull strategy,1
qazvin’s hospitals,1
qualification assessment,1
qualitative review analysis,1
quality evaluation,1
quality function deployment,1
quality improvement,1
quality management,1
quality of care in medical tourism,1
quality of service,1
quality of websites,1
quality of wellness spa tourism,1
quality services,1
quality services and growth,1
quality standards,1
quantile regression,1
quarantine,1
quasi market,1
r,1
r-ahp,1
r-mabac,1
rain forest,1
ranking,1
readiness,1
recommendation,1
recommender systems,1
recovery,1
recreation and health classes,1
recreational resource management,1
recreational-sanatorium forms of lublin region's tourism,1
recumbence,1
reflective engagement,1
refugees,1
regional accessibility,1
regional alliances,1
regional analysis,1
regional and global scope of medical tourism,1
regional and global welfare,1
regional competitiveness,1
regional development,1
regional market,1
regional networks,1
regional welfare,1
regionalism,1
regions,1
regulation 883/2004,1
regulation and oversight,1
regulatory affairs,1
reign-seeking,1
reimbursement,1
related experience,1
relationality,1
relationship quality,1
reliability,1
religious commitment,1
religious motivation,1
religious similarity,1
remote medical consultations,1
remote medical services,1
remote medical services within the bounds of the law and its responsibilities,1
remote monitoring,1
remoteness,1
repositioning,1
reproductive care,1
reproductive health,1
reproductive outsourcing,1
reproductive travel,1
republic of korea,1
repurchase,1
repurchase intention,1
reputation,1
research,1
research perspectives,1
research subjects,1
research-policy gap,1
residency,1
resident perceptions,1
resilience,1
resort resources,1
resorts,1
resource allocation,1
resource availability,1
resource dependence,1
responsibility,1
restrictions,1
restrictive conditional intentions,1
retention,1
retrieval efficiency,1
rhythmic movement therapy,1
rhythms of care,1
ricardian trade model,1
right to health,1
rishikesh,1
risk adjustment,1
risk attitude,1
risk communication,1
risk factors,1
riyuexia national forest park,1
rmtb,1
road race,1
robotic surgery,1
romanian consumers,1
rough number,1
route design,1
rupture,1
rural and mountain economy,1
rurality,1
russian medical travelers,1
russian resorts,1
safe patient handling,1
safe patient handling and mobility,1
safety,1
safety organizations,1
saksenaea,1
sales promotion,1
salivary cortisol,1
salop model,1
sample,1
sanatorium,1
sapropelic mud,1
sareyn,1
satire,1
satisfaction level,1
sau,1
scf,1
school children,1
scoping review,1
search hospital online,1
searching engines,1
seaside resorts,1
self-construction,1
self-determination theory,1
self-esteem,1
self-help,1
semantic web,1
semi-structured interviews,1
seminal medical texts,1
senior visitors,1
seniors,1
sensitive data storage,1
sensitization,1
serbia,1
serious leisure,1
service convergence,1
service encounter expectations,1
service encounter quality,1
service factor,1
service fairness,1
service innovativeness,1
service integration,1
service sector,1
service system,1
service value chain-egypt,1
servicescape,1
servicescapes,1
servqual model,1
servqual scale,1
setting,1
severity of illness,1
sex reassignment surgery,1
sexual stimulants,1
sharia compliance,1
sharing,1
short-term exposure,1
silicone granuloma,1
silicone injection,1
singapore tourism board,1
skills,1
skin and soft tissue infections,1
sleep,1
slovakia,1
"smac(social, mobile analytic cloud)",1
small business development,1
smart orchestrator,1
sns information credibility,1
social,1
social agents of medical tourism,1
social challenges,1
social justice,1
social media internationality,1
social medicine,1
social resource integration,1
social rights,1
social security coordination,1
social security systems,1
social semiotics,1
social sustainability,1
social tourism,1
social wellness,1
socially significant diseases,1
society,1
society for international healthcare accreditation (sofiha),1
socio-economic infrastructures,1
soft budget constraint,1
solidarity,1
solutions,1
sources of medical tourism information,1
south korea tour information sites,1
south of england,1
south-south,1
south–south migration,1
spa and wellness tourism,1
spa tourism in turkey,1
spa/health/wellness tourism,1
spatial data mining,1
spatial distribution,1
spatial planning,1
spatial spillovers,1
spatial stigma,1
spatial suitability analysis,1
spatial transfer and outsourcing of healthcare,1
spatial-temporal analysis,1
spdcs,1
special,1
special events,1
special-interest tourism,1
specialised translation,1
spending behaviour,1
sphm,1
spiritual,1
sport-and-health tourism,1
sports and health tourism,1
sports and wellness tourism,1
sri lanka,1
staff skills,1
stai,1
statistical data,1
stem cell,1
stem-cell therapy,1
stent,1
steps,1
strategic analysis,1
strategic decisions,1
strategic development pillars,1
strategic management approach,1
strategic marketing,1
strategic positioning,1
strategic swot analysis,1
strategies,1
strategy,1
strengths,1
stress,1
stromal-derived factor 1,1
structural break,1
structural equation modelling,1
structure-conductperformance,1
sub-saharan african medical travellers,1
success factors,1
sunshine coast,1
supervised learning,1
supplier perspectives,1
supply chain business processes,1
supply development,1
supply model,1
surgical care,1
surgical complications,1
surgical management,1
surgical trip,1
survey,1
sustainable medical tourism outcome,1
sustainable medicine,1
sustaining work and taking initiatives,1
swe,1
switching costs,1
switzerland,1
swot,1
swot and tows matrix,1
symbolic institutional framework,1
symbolic landscape,1
system,1
system architecture,1
system dynamics modelling,1
systems model,1
systems thinking perspective,1
tam model,1
tango,1
tatra tourist region,1
teamwork,1
techirghiol,1
technologies,1
technology gap ratios,1
television,1
term frequency - inversed document frequency (tf - idf),1
terminal illness,1
territorial offer,1
territoriality,1
tertiary care hospitals,1
text mining,1
thai massage,1
thailand inbound tourism,1
thalassaemia,1
thalassotherapy,1
thc,1
the attitude scala for health tourism education,1
the attitudes towards education on health tourism scale,1
the netherlands,1
the princely county of gorizia and gradisca,1
the united arab emirates,1
the welfare state,1
thematic analysis,1
thematic evolution,1
theoretical model,1
theory of planned behavior (tpb),1
therapeutic circulation,1
therapeutic tourism,1
thermal institution offers,1
thermal spas,1
thermal tourism,1
thermalism,1
third age,1
threat,1
threats,1
tie strength,1
time series analysis,1
tonga,1
total energy expenditure,1
tourism and hospitality,1
tourism destination attractiveness,1
tourism effects,1
tourism facilitators,1
tourism industry cluster,1
tourism information broker,1
tourism product promotion,1
tourism recommender systems,1
tourism sector in health,1
tourism sustainability,1
tourist,1
tourist activities,1
tourist arrival,1
tourist behavior,1
tourist emotional experience,1
tourist motivation,1
tourist numbers,1
tourist participation,1
tourist perception,1
tourist preferences,1
tourist segmentation,1
tourist service,1
tourists,1
tourists’ attitudes,1
tourists’ emotions,1
tourists’ satisfaction,1
tpb,1
tracking,1
trade in healthcare services,1
trade in services,1
traditional and complementary medicine,1
traditional chinese medicine (tcm),1
traditional korean medicine,1
traditions,1
training,1
transgender,1
transnational health,1
transnational medical travel,1
transnational social space,1
transnational space of care,1
transnational ties,1
transportation geography,1
transtibial,1
travel blogging,1
travel choice behavior,1
travel constraints,1
travel demand,1
travel experience,1
travel for care,1
travel guidebooks,1
travel health,1
travel industry,1
travel motivations,1
travel motives,1
travelers,1
treatment contracts as consumer contracts,1
treatment types,1
treatments,1
trip support,1
trust features,1
tsunami,1
tunisia,1
turkey.,1
turkish health-care system,1
two-tier system,1
u-health policy,1
uae,1
udmurt republic,1
uk nhs,1
uncertainty,1
uncertainty avoidance,1
unmet need,1
unobtrusive,1
unqualified,1
ureteral catheter,1
urgeto-cough,1
urological sequelae,1
us,1
user experience,1
user satisfaction,1
user-generated content,1
vacation camps,1
validity,1
value chain,1
value focussed thinking (vft),1
value networks,1
variance decomposition,1
ventilator,1
verbal-linguistic evaluation,1
verhults model,1
vfr tourism,1
vikor,1
virtues,1
visa free access,1
visit,1
visit intention,1
visiting intention,1
visitor,1
visitor motivation,1
vividness,1
vla-4,1
volunteer,1
váh valley region,1
wage inequality,1
waiting lists,1
waiting time,1
waiting-time,1
water quality,1
water treatments,1
waterfronts,1
wearable electronics,1
web content improvement,1
web for corpus,1
web services improvement,1
web sites,1
web sites trust,1
web-based information system,1
webometrics,1
website,1
website content,1
website media reports,1
website translation,1
weight loss,1
welfare,1
welfare state,1
well-being tour,1
wellness concept,1
wellness resorts,1
wellness tourism product typology,1
wellness tourism south africa health resources,1
wellness tourists,1
wellness tourists' typology,1
west asian tourists,1
western patients,1
wilderness,1
willingness to recommend,1
willingness to stay,1
women’s travel writing,1
word of mouth,1
"word of mouth, iran",1
worldmaking,1
yangsheng,1
yazd province,1
yemen,1
yoga tourists,1
yoruba language,1
youth,1
